Prozess;Variable;Einheit;Run_1;Run_2;Run_3;Run_4;Run_5;Run_6;Run_7;Run_8;Run_9;Run_10;Run_11;Run_12;Run_13;Run_14;Run_15;Run_16;Run_17;Run_18;Run_19;Run_20;Run_21;Run_22;Run_23;Run_24;Run_25;Run_26;Run_27;Run_28;Run_29;Run_30;Run_31;Run_32;Run_33;Run_34;Run_35;Run_36;Run_37;Run_38;Run_39;Run_40;Run_41;Run_42;Run_43;Run_44;Run_45;Run_46;Run_47;Run_48;Run_49;Run_50;Run_51;Run_52;Run_53;Run_54;Run_55;Run_56;Run_57;Run_58;Run_59;Run_60;Run_61;Run_62;Run_63;Run_64;Run_65;Run_66;Run_67;Run_68;Run_69;Run_70;Run_71;Run_72;Run_73;Run_74;Run_75;Run_76;Run_77;Run_78;Run_79;Run_80;Run_81;Run_82;Run_83;Run_84;Run_85;Run_86;Run_87;Run_88;Run_89;Run_90;Run_91;Run_92;Run_93;Run_94;Run_95;Run_96;Run_97;Run_98;Run_99;Run_100;Run_101;Run_102;Run_103;Run_104;Run_105;Run_106;Run_107;Run_108;Run_109;Run_110;Run_111;Run_112;Run_113;Run_114;Run_115;Run_116;Run_117;Run_118;Run_119;Run_120;Run_121;Run_122;Run_123;Run_124;Run_125;Run_126;Run_127;Run_128;Run_129;Run_130;Run_131;Run_132;Run_133;Run_134;Run_135;Run_136;Run_137;Run_138;Run_139;Run_140;Run_141;Run_142;Run_143;Run_144;Run_145;Run_146;Run_147;Run_148;Run_149;Run_150;Run_151;Run_152;Run_153;Run_154;Run_155;Run_156;Run_157;Run_158;Run_159;Run_160;Run_161;Run_162;Run_163;Run_164;Run_165;Run_166;Run_167;Run_168;Run_169;Run_170;Run_171;Run_172;Run_173;Run_174;Run_175;Run_176;Run_177;Run_178;Run_179;Run_180;Run_181;Run_182;Run_183;Run_184;Run_185;Run_186;Run_187;Run_188;Run_189;Run_190;Run_191;Run_192;Run_193;Run_194;Run_195;Run_196;Run_197;Run_198;Run_199;Run_200
;;;;;;;;;;;;;;;;;;;;;;;;;;;;;;;;;;;;;;;;;;;;;;;;;;;;;;;;;;;;;;;;;;;;;;;;;;;;;;;;;;;;;;;;;;;;;;;;;;;;;;;;;;;;;;;;;;;;;;;;;;;;;;;;;;;;;;;;;;;;;;;;;;;;;;;;;;;;;;;;;;;;;;;;;;;;;;;;;;;;;;;;;;;;;;;;;;;;;;;;;;
Inputs;capex_pem;€/kW_el;1006,19;986,09;1055,1;930,51;947,4;1179,78;1011,91;954,74;1001,06;1061,58;995,83;858,69;868,69;1045,8;923,31;997,39;1011,97;1130,0;956,52;1015,05;977,41;1091,04;999,37;1145,44;975,31;877,79;1063,5;902,06;1057,48;1009,98;1086,08;981,97;929,18;931,27;845,16;1002,13;1067,44;931,63;1051,35;1042,29;921,71;866,31;1018,69;894,34;977,48;970,16;968,76;1054,24;871,2;1009,6;955,21;1018,15;1115,49;1060,44;984,36;982,08;1091,59;891,25;1066,7;1022,41;1150,42;1001,88;1027,16;1020,03;1048,29;956,63;1054,71;896,34;1053,89;913,91;1034,45;1008,2;1013,83;936,5;1001,18;1000,32;1089,14;1122,47;1084,23;1085,62;977,84;847,88;921,3;1058,45;980,2;1046,45;1149,66;1014,08;1000,4;1148,01;917,82;1040,45;1005,97;1086,73;1127,67;1139,89;1119,32;894,69;969,28;997,31;1016,47;1049,03;1078,17;943,12;1100,9;1129,45;866,94;865,19;996,83;840,63;922,3;1137,61;1042,28;1065,24;1075,91;1014,7;863,58;1148,88;987,12;1058,84;1082,23;1059,57;943,17;1043,73;950,17;963,62;1083,66;1078,08;1160,33;1140,57;980,2;1031,07;928,36;859,97;872,6;1009,17;1032,9;1080,98;929,94;928,02;1085,83;1076,36;1012,2;1036,39;1159,55;1114,89;884,86;981,5;913,58;1164,57;1044,39;1160,58;1027,95;941,44;1004,33;888,02;994,72;1123,55;907,79;1027,46;1060,19;951,5;947,8;1040,53;942,72;1100,91;1011,86;943,53;1164,22;1030,52;1057,66;968,88;871,81;993,18;1090,9;969,99;1022,24;964,27;1078,46;1086,62;954,88;968,89;986,45;1006,95;901,84;986,79;854,65;1175,26;1052,48;1034,95;1005,41;972,55;1016,35;1032,94;1064,8;1026,26;1103,13;1091,33;1062,72;1081,25
;capex_hb;€/kg_NH3 *h;8881,89;9276,98;9109,61;8604,29;8912,82;8616,44;8552,77;9127,82;9531,13;8854,22;9243,78;10146,24;8159,45;8932,9;9710,58;9427,0;8090,57;10555,67;9192,04;9057,93;9145,62;8478,65;9046,78;7708,83;9035,75;9534,6;9407,59;9511,09;9545,15;7963,4;8467,77;8848,44;8695,5;8232,69;8944,58;8611,65;10094,0;9205,78;8552,53;7518,97;8936,97;9658,37;8430,37;8362,84;8974,07;8386,58;8735,23;10034,54;9653,16;8250,77;9097,99;8509,12;8537,44;10171,22;9720,29;9209,26;8340,74;8453,5;8103,98;9768,22;9282,47;8370,03;8253,73;9446,82;9159,2;8964,11;9111,17;9456,35;9762,0;8445,09;8417,69;9654,84;9400,73;9092,58;8266,52;9121,1;8652,07;7966,01;8424,43;8087,83;10230,35;8777,22;9597,96;8811,87;10263,2;10114,17;9203,81;8897,79;8621,97;10424,02;8845,24;8140,83;8747,11;9333,08;9026,4;9112,33;10824,71;8570,49;8534,07;9121,46;10674,84;8758,84;7894,3;7944,13;10380,36;9326,85;8048,35;9713,36;9994,52;7992,97;8845,24;9250,36;8542,59;8808,16;8930,77;9570,05;9332,07;8876,49;9273,22;9178,13;9112,18;7747,31;9181,36;8851,87;10235,16;9522,28;8244,86;8152,04;8258,29;10252,65;9425,51;8194,35;9049,92;8258,53;8892,09;8616,64;8556,74;9729,21;8490,62;9865,14;9028,34;8579,97;10465,05;8826,16;9798,49;9063,92;8241,52;8029,89;7975,17;9677,64;9943,37;8555,66;10043,54;7813,14;10057,53;8309,48;8378,56;9901,35;9671,44;7623,59;10362,52;10086,44;8743,93;8435,02;8290,08;8402,81;7976,87;9606,07;10347,54;8751,61;8676,88;9607,58;9768,13;8470,86;9823,65;9667,08;8221,15;9720,45;9314,2;8294,89;9148,07;7721,21;10123,58;9207,86;9019,4;8933,4;9450,24;7920,83;8841,16;8779,51;9410,59;8076,33;9278,14;9447,87;9611,58;8713,55;8512,15;9536,7;9477,23;7566,36
;capex_asu;€/kg_N2 *h;2126,97;1828,72;1698,84;1815,93;2131,56;1891,17;1977,43;2214,98;1711,14;1756,16;2198,13;1767,58;2078,48;1871,24;2087,84;2293,77;1999,6;2221,35;2222,18;1881,64;1689,84;2263,22;1863,17;1758,4;1952,73;1814,85;2074,35;2141,73;1937,6;1992,98;1635,23;2212,99;2089,25;1985,06;2129,69;2372,38;1893,27;1680,65;2168,99;2038,59;1877,5;1950,64;1682,96;2097,19;2199,8;1864,86;2033,37;2275,86;2213,12;1869,33;2030,63;2203,04;2214,32;1724,07;1880,02;1802,26;1932,94;1999,05;2036,31;1674,16;2069,5;1961,33;1909,54;2046,9;2314,09;1874,75;2070,25;1773,43;2225,2;2176,92;1959,59;1950,66;1914,46;2156,52;1974,23;1696,64;1923,46;1871,08;1870,16;1949,03;2029,42;1652,82;2170,84;1945,9;2177,49;1844,15;2149,72;1883,96;1959,36;2163,63;2136,71;1999,47;1840,12;2086,76;1714,05;1948,43;2343,57;1919,82;1796,62;1928,77;1858,98;2038,81;2090,77;2167,66;2041,34;1649,4;1949,27;2119,3;2005,86;2106,76;1717,98;2123,72;1961,26;1943,78;1876,48;1866,18;1818,59;1628,29;1952,14;1758,88;2353,01;1694,42;2020,56;1828,59;1799,36;1802,69;1881,39;1961,54;1923,2;1931,59;1982,52;2218,64;2140,95;2040,91;2008,22;2088,79;2188,1;1877,29;1990,56;1864,62;1898,88;2118,46;2021,69;2015,78;2202,52;2120,32;1686,76;1953,3;2031,91;2122,47;2258,44;2061,42;1733,62;2320,26;2131,08;1927,45;1956,55;1901,96;2164,41;1823,67;1675,51;2068,15;2061,28;1890,75;2228,89;2137,52;2177,65;1724,17;1973,94;1755,58;1984,03;1701,42;1892,74;1888,23;2028,73;1983,42;2209,66;1931,21;1970,93;1706,07;1910,69;2000,06;1669,89;2201,05;1856,52;1675,92;2233,64;1985,23;2077,39;1806,69;2040,32;1914,33;2074,04;1904,65;1994,63;2278,14;2138,65;1977,74;2003,75;2134,46
;capex_h2s;€/kg_H2 * h;528,9;412,99;469,61;448,7;537,27;476,01;512,02;491,11;432,66;436,23;450,68;489,28;493,37;565,59;443,05;456,32;562,98;463,31;499,99;470,36;485,12;497,94;534,24;514,87;404,23;443,26;463,26;549,58;478,31;474,91;464,1;509,52;481,92;549,01;486,71;523,19;482,96;478,03;476,99;468,0;483,46;488,5;427,25;539,45;448,0;498,99;469,4;473,82;416,17;458,8;416,9;480,91;505,9;533,82;533,73;456,45;469,0;412,26;511,34;412,79;538,7;503,31;500,04;449,62;476,04;535,03;500,14;494,99;430,74;533,41;547,86;480,91;443,2;455,36;431,13;499,08;512,5;415,01;560,7;453,5;469,28;495,32;479,69;431,28;555,09;445,29;439,2;434,51;557,22;439,3;464,13;544,16;521,33;510,91;462,52;435,96;433,46;543,11;481,57;484,6;419,74;501,25;533,83;485,06;503,89;537,97;477,61;535,1;451,69;495,56;525,53;450,03;448,4;504,35;465,16;508,64;457,49;420,68;452,99;487,33;448,75;442,97;478,5;524,84;472,84;520,14;519,12;449,19;525,56;454,48;485,67;540,61;498,34;473,68;452,81;421,76;514,17;483,96;408,17;500,69;453,31;494,91;522,58;433,64;433,54;473,81;453,28;500,2;531,23;489,37;475,25;424,38;516,76;574,68;524,63;549,89;561,77;511,54;531,03;582,49;526,69;478,74;513,43;540,73;536,72;497,98;486,79;521,63;433,01;493,93;474,99;420,46;434,56;465,78;500,35;551,01;457,69;518,91;423,42;449,2;504,01;432,8;489,83;430,88;488,32;453,53;471,98;487,36;506,59;506,33;478,28;484,56;410,37;406,72;455,07;527,24;486,5;486,12;498,78;483,5
;capex_bat_leistung;€/kW;383,57;388,85;420,08;446,26;468,06;361,4;470,32;382,26;443,88;443,1;361,4;424,03;393,49;454,67;405,4;444,29;393,98;352,91;506,37;435,85;414,92;438,68;423,69;430,17;395,07;442,38;411,11;422,53;387,51;433,92;431,0;399,73;482,46;452,53;422,58;458,13;410,04;427,18;372,34;380,21;451,71;431,52;367,77;445,2;396,1;407,76;433,75;457,68;392,57;385,43;408,48;462,2;444,26;499,84;455,27;378,12;425,0;454,33;456,78;368,62;457,52;447,93;415,44;430,22;468,66;366,42;424,17;366,37;366,18;434,12;398,56;462,56;438,34;373,11;435,96;400,89;447,28;476,83;466,0;429,27;373,55;385,5;436,49;475,02;364,42;442,36;397,6;386,95;433,6;468,8;406,16;410,68;427,14;391,92;450,35;420,61;449,53;479,18;444,37;440,62;375,05;401,59;477,44;398,42;426,99;437,58;397,73;396,99;382,28;463,76;423,45;433,81;448,57;490,13;456,25;444,67;453,09;435,65;346,95;365,8;444,34;398,65;440,23;447,05;448,27;409,66;406,69;424,69;405,29;407,45;402,96;457,27;466,02;476,68;370,43;392,92;430,25;407,38;397,3;393,76;409,05;386,43;403,85;387,91;458,09;438,76;429,4;408,27;437,11;408,29;443,11;394,58;443,61;448,58;372,32;430,37;366,14;402,41;379,34;443,82;384,04;413,56;429,92;405,71;457,0;428,56;451,01;427,57;501,17;370,09;393,53;402,95;441,99;464,74;422,27;412,62;402,4;393,35;455,09;475,17;420,47;436,83;367,41;429,37;437,4;418,3;451,4;397,27;387,98;434,65;421,06;368,41;446,78;462,99;397,26;416,26;476,89;412,4;434,37;401,38
;capex_bat_kapa;€/kWh;95,57;96,24;119,9;104,84;92,48;116,09;104,17;115,43;102,74;107,87;99,93;88,83;110,58;99,6;95,71;108,16;107,75;91,77;96,93;92,2;93,74;106,21;110,17;108,5;101,61;103,76;114,87;102,43;106,44;103,72;106,93;99,38;108,14;125,73;101,75;111,54;98,16;87,32;93,17;102,64;107,1;95,9;97,29;103,6;112,56;91,32;108,4;113,67;111,87;112,81;109,62;97,83;105,38;116,66;114,03;114,41;110,51;104,2;102,07;100,2;94,54;100,4;124,17;118,16;101,55;112,49;109,48;92,06;117,3;91,17;93,52;111,83;105,67;115,83;107,56;98,7;101,57;89,26;102,16;106,22;108,74;103,07;120,46;109,01;117,64;120,55;102,35;92,72;119,76;104,04;107,64;104,17;105,19;110,63;95,75;120,91;105,01;110,09;96,42;108,22;113,97;110,03;118,53;112,5;101,5;109,41;106,61;106,06;103,13;99,66;93,31;109,5;123,08;100,15;92,33;110,18;117,93;111,66;106,22;116,32;110,55;95,22;111,1;111,25;115,1;123,0;105,94;114,11;110,31;98,73;105,82;106,06;108,3;123,63;107,7;119,91;121,51;92,62;90,85;104,58;103,64;92,67;111,93;118,73;96,45;95,51;100,26;102,5;95,9;106,57;101,88;92,76;114,37;89,3;126,36;120,04;96,98;98,24;99,57;115,88;96,68;99,88;100,36;117,75;109,54;108,59;99,89;104,61;108,58;115,46;101,81;98,43;114,24;121,24;107,0;103,14;107,05;101,18;110,13;112,08;90,95;100,46;96,27;101,76;117,5;107,39;111,52;108,83;105,58;108,83;101,62;104,23;105,72;101,89;97,62;98,02;110,99;111,39;105,72;116,49
;capex_pv;€/kW;1195,09;1136,91;1088,73;986,25;1054,2;1079,06;1133,56;1251,9;1157,6;1014,82;1268,72;1029,88;1132,28;1291,31;1143,41;1184,61;1085,3;1065,43;1290,74;1004,1;891,12;1032,21;1141,83;1143,47;951,06;1057,36;1112,58;972,38;1168,82;1186,52;1184,41;1078,28;1121,04;1114,21;926,24;1117,13;1081,71;1104,4;1224,37;1179,68;1168,87;1261,1;1050,97;1063,27;1089,29;1153,76;1160,27;1040,9;1056,92;1176,53;997,28;1068,86;1124,19;1122,32;1157,2;1033,61;946,06;930,55;1047,29;1152,78;1122,23;1044,03;1249,91;980,4;1010,57;1090,53;1003,39;1159,6;1068,26;1279,73;1169,94;1072,81;1252,01;960,51;1173,26;1228,37;1043,21;1081,49;1094,78;954,97;930,64;1064,02;1203,14;1176,49;1030,9;1141,86;1155,86;1129,97;1046,14;1178,12;1126,67;1118,3;1185,07;1227,41;1180,81;1150,18;1095,69;1172,5;1197,37;1196,65;1190,28;1278,62;1040,43;953,09;1169,72;1143,51;1099,77;925,13;1160,32;1145,77;1086,47;1144,4;1032,46;967,98;928,9;904,74;930,69;1139,85;1176,18;1025,62;1136,39;1144,79;1058,99;1105,19;1274,79;1147,26;1027,28;1104,97;952,23;1288,64;1038,74;1255,59;1067,96;1195,76;1125,02;1178,1;1091,93;1200,18;1163,88;1201,1;1177,6;1249,96;971,15;1122,31;1013,39;1064,47;1215,21;992,2;1142,87;1254,95;1075,08;1007,36;1128,74;1211,01;1005,17;1171,38;1160,4;1028,37;1022,67;964,07;1013,43;1164,03;1095,41;1270,9;1065,83;1120,15;1207,91;927,7;1230,23;1192,75;1136,03;919,86;1196,55;1238,54;1044,98;896,48;993,21;1054,76;1100,39;909,99;963,66;1079,32;1116,26;1154,71;1092,72;1050,87;1062,96;1086,33;1005,95;1176,87;1278,01;1111,35;1111,97;1017,09;1212,57;1143,29;1028,98;1071,07;1073,39;1256,01
;capex_wkaon;€/kW;1083,07;1198,22;1219,25;1136,22;1063,73;1244,33;1015,16;1076,43;1118,03;977,46;1218,21;1172,43;1038,59;1200,55;1079,37;1028,25;1189,96;905,09;1055,5;965,26;972,28;1153,47;1055,15;1173,45;936,53;1043,91;1189,77;1123,55;1132,57;1007,78;1182,3;1136,02;1053,14;1035,83;933,38;1016,42;1089,13;1010,66;1098,14;1085,78;1100,32;947,7;1091,32;1265,86;1115,88;1243,24;1186,12;1036,99;1225,52;1105,66;1072,42;1095,01;1197,5;1239,16;1169,06;1075,31;1062,16;1131,77;1222,22;1234,39;1083,09;1206,28;1116,55;995,41;1009,43;987,8;1064,93;926,34;924,37;1189,55;996,8;1029,75;1211,11;1114,15;1078,6;1097,83;1146,55;1152,65;988,59;967,28;1221,37;1198,35;1112,43;1089,07;1092,29;1047,19;1181,03;1032,29;1094,98;1155,08;1214,65;1186,79;1096,18;1061,08;986,23;988,93;1100,94;1169,94;1119,24;1142,11;1002,63;1262,22;1029,35;998,12;982,52;1077,1;1197,87;1150,82;1061,45;1086,57;1226,42;1076,99;1186,98;1043,1;994,76;1092,58;875,43;1157,48;1180,95;1107,79;1056,16;1081,09;1192,49;1042,39;1077,05;1052,43;897,9;1067,82;1206,34;1037,21;1132,64;991,1;1082,65;1099,02;1108,37;1049,93;957,78;1029,07;1192,34;1232,52;1039,8;969,48;1236,22;983,01;936,62;1058,0;1110,24;1243,33;1174,52;1060,61;1023,36;936,61;998,03;1240,83;1055,94;1086,03;1043,63;1148,5;1105,62;1117,93;1026,71;1043,48;1086,54;917,69;995,19;1200,23;1263,01;1092,54;1058,45;1196,4;1100,73;1092,59;1160,04;1001,1;1227,1;1191,99;1071,35;1195,68;1269,68;951,6;1184,2;935,15;1053,89;981,02;1148,72;973,45;1191,18;1196,92;893,56;1227,99;991,01;931,96;1140,66;1034,97;1057,2;1055,48;1163,58;1209,65;1118,19;1161,41
;wasserstofferloes;€/kg_H2;-1,7;-1,52;-1,4;-1,69;-1,48;-1,65;-1,66;-1,57;-1,49;-1,51;-1,23;-1,3;-1,36;-1,55;-1,42;-1,32;-1,41;-1,27;-1,53;-1,56;-1,4;-1,64;-1,54;-1,29;-1,31;-1,41;-1,58;-1,41;-1,71;-1,64;-1,71;-1,62;-1,55;-1,5;-1,25;-1,47;-1,58;-1,66;-1,55;-1,43;-1,54;-1,4;-1,64;-1,39;-1,68;-1,51;-1,49;-1,6;-1,45;-1,46;-1,49;-1,69;-1,62;-1,49;-1,63;-1,53;-1,74;-1,48;-1,75;-1,52;-1,49;-1,47;-1,51;-1,59;-1,57;-1,72;-1,64;-1,43;-1,38;-1,66;-1,52;-1,42;-1,76;-1,48;-1,35;-1,51;-1,49;-1,67;-1,61;-1,54;-1,44;-1,28;-1,56;-1,48;-1,63;-1,31;-1,53;-1,45;-1,26;-1,68;-1,65;-1,33;-1,58;-1,6;-1,59;-1,28;-1,48;-1,45;-1,49;-1,37;-1,56;-1,44;-1,61;-1,62;-1,68;-1,3;-1,51;-1,45;-1,64;-1,6;-1,73;-1,54;-1,25;-1,53;-1,73;-1,78;-1,46;-1,38;-1,35;-1,56;-1,62;-1,49;-1,38;-1,57;-1,49;-1,71;-1,52;-1,58;-1,32;-1,45;-1,59;-1,4;-1,71;-1,5;-1,43;-1,49;-1,46;-1,72;-1,46;-1,5;-1,61;-1,44;-1,4;-1,35;-1,54;-1,55;-1,54;-1,45;-1,65;-1,37;-1,68;-1,37;-1,44;-1,58;-1,5;-1,58;-1,63;-1,49;-1,51;-1,63;-1,61;-1,46;-1,39;-1,56;-1,43;-1,58;-1,6;-1,73;-1,56;-1,52;-1,44;-1,6;-1,59;-1,51;-1,3;-1,52;-1,74;-1,56;-1,46;-1,36;-1,39;-1,49;-1,76;-1,56;-1,32;-1,66;-1,46;-1,51;-1,34;-1,31;-1,59;-1,56;-1,44;-1,59;-1,49;-1,59;-1,39;-1,55;-1,32;-1,32
;ammoniakerloes;€/kg_NH3;-0,73;-0,81;-0,81;-0,87;-0,83;-0,95;-0,72;-0,79;-0,87;-0,9;-0,74;-0,82;-0,79;-0,77;-0,76;-0,74;-0,73;-0,85;-0,81;-0,91;-0,68;-0,89;-0,78;-0,76;-0,86;-0,83;-0,82;-0,76;-0,78;-0,82;-0,79;-0,7;-0,9;-0,82;-0,72;-0,72;-0,88;-0,8;-0,8;-0,78;-0,72;-0,9;-0,71;-0,74;-0,82;-0,75;-0,79;-0,84;-0,88;-0,78;-0,8;-0,78;-0,91;-0,83;-0,8;-0,93;-0,74;-0,8;-0,88;-0,87;-0,74;-0,75;-0,87;-0,83;-0,79;-0,89;-0,71;-0,78;-0,68;-0,81;-0,85;-0,9;-0,82;-0,73;-0,79;-0,8;-0,68;-0,74;-0,85;-0,73;-0,78;-0,83;-0,76;-0,9;-0,86;-0,88;-0,77;-0,79;-0,67;-0,85;-0,72;-0,7;-0,78;-0,87;-0,78;-0,77;-0,84;-0,91;-0,77;-0,83;-0,81;-0,81;-0,76;-0,76;-0,8;-0,8;-0,84;-0,81;-0,75;-0,79;-0,76;-0,8;-0,87;-0,84;-0,8;-0,84;-0,81;-0,87;-0,81;-0,82;-0,78;-0,72;-0,88;-0,83;-0,72;-0,75;-0,91;-0,88;-0,72;-0,72;-0,84;-0,77;-0,65;-0,76;-0,71;-0,79;-0,83;-0,83;-0,71;-0,82;-0,81;-0,78;-0,9;-0,86;-0,78;-0,77;-0,76;-0,83;-0,82;-0,7;-0,88;-0,78;-0,77;-0,88;-0,8;-0,85;-0,87;-0,89;-0,72;-0,73;-0,76;-0,71;-0,8;-0,75;-0,81;-0,84;-0,85;-0,88;-0,91;-0,69;-0,79;-0,84;-0,75;-0,84;-0,78;-0,82;-0,66;-0,82;-0,79;-0,72;-0,82;-0,86;-0,82;-0,83;-0,77;-0,74;-0,85;-0,83;-0,88;-0,85;-0,85;-0,8;-0,81;-0,91;-0,89;-0,77;-0,71;-0,85;-0,8;-0,72
;;;;;;;;;;;;;;;;;;;;;;;;;;;;;;;;;;;;;;;;;;;;;;;;;;;;;;;;;;;;;;;;;;;;;;;;;;;;;;;;;;;;;;;;;;;;;;;;;;;;;;;;;;;;;;;;;;;;;;;;;;;;;;;;;;;;;;;;;;;;;;;;;;;;;;;;;;;;;;;;;;;;;;;;;;;;;;;;;;;;;;;;;;;;;;;;;;;;;;;;;;
Outputs;calc_lcoe_wka;ct/kWh;1,97;2,1;2,13;2,03;1,94;2,15;1,89;1,96;2,01;1,84;2,12;2,07;1,91;2,1;1,96;1,9;2,09;1,76;1,93;1,83;1,84;2,05;1,93;2,07;1,79;1,92;2,09;2,01;2,02;1,88;2,08;2,03;1,93;1,91;1,79;1,89;1,97;1,88;1,98;1,97;1,99;1,81;1,98;2,18;2,0;2,15;2,09;1,91;2,13;1,99;1,95;1,98;2,1;2,15;2,07;1,96;1,94;2,02;2,13;2,14;1,97;2,11;2,0;1,86;1,88;1,85;1,94;1,78;1,78;2,09;1,86;1,9;2,12;2,0;1,96;1,98;2,04;2,05;1,85;1,83;2,13;2,1;2,0;1,97;1,98;1,92;2,08;1,91;1,98;2,05;2,12;2,09;1,98;1,94;1,85;1,86;1,99;2,07;2,01;2,03;1,87;2,18;1,9;1,87;1,85;1,96;2,1;2,05;1,94;1,97;2,13;1,96;2,09;1,92;1,86;1,98;1,72;2,05;2,08;1,99;1,93;1,96;2,09;1,92;1,96;1,93;1,75;1,95;2,11;1,91;2,02;1,86;1,97;1,98;2,0;1,93;1,82;1,9;2,09;2,14;1,91;1,83;2,15;1,85;1,79;1,94;2,0;2,15;2,07;1,94;1,9;1,79;1,87;2,15;1,93;1,97;1,92;2,04;1,99;2,01;1,9;1,92;1,97;1,77;1,86;2,1;2,18;1,98;1,94;2,1;1,99;1,98;2,06;1,87;2,13;2,09;1,95;2,1;2,18;1,81;2,08;1,79;1,93;1,85;2,04;1,84;2,09;2,1;1,74;2,14;1,86;1,79;2,03;1,91;1,94;1,93;2,06;2,11;2,01;2,06
;calc_lcoe_pv;ct/kWh;9,61;9,22;8,9;8,22;8,67;8,84;9,2;9,99;9,36;8,41;10,1;8,51;9,19;10,25;9,27;9,54;8,88;8,74;10,25;8,33;7,58;8,52;9,25;9,27;7,98;8,69;9,06;8,12;9,43;9,55;9,54;8,83;9,12;9,07;7,81;9,09;8,85;9,0;9,81;9,51;9,44;10,05;8,65;8,73;8,9;9,33;9,38;8,58;8,69;9,49;8,29;8,77;9,14;9,12;9,36;8,53;7,95;7,84;8,62;9,33;9,12;8,6;9,98;8,18;8,38;8,91;8,33;9,37;8,76;10,18;9,44;8,79;9,99;8,04;9,46;9,83;8,6;8,85;8,94;8,01;7,84;8,74;9,66;9,49;8,51;9,25;9,35;9,18;8,62;9,5;9,15;9,1;9,54;9,83;9,51;9,31;8,95;9,46;9,63;9,62;9,58;10,17;8,58;7,99;9,44;9,27;8,97;7,81;9,38;9,28;8,88;9,27;8,52;8,09;7,83;7,67;7,84;9,24;9,48;8,48;9,22;9,27;8,7;9,01;10,14;9,29;8,49;9,01;7,99;10,24;8,57;10,01;8,76;9,61;9,14;9,5;8,92;9,64;9,4;9,65;9,49;9,98;8,11;9,12;8,4;8,74;9,74;8,26;9,26;10,01;8,81;8,36;9,17;9,72;8,34;9,45;9,38;8,5;8,46;8,07;8,4;9,4;8,94;10,12;8,75;9,11;9,7;7,82;9,84;9,59;9,22;7,77;9,62;9,9;8,61;7,62;8,26;8,67;8,98;7,71;8,06;8,84;9,08;9,34;8,93;8,65;8,73;8,88;8,35;9,49;10,16;9,05;9,06;8,42;9,73;9,26;8,5;8,78;8,8;10,02
;calc_lcoe_bat;ct/kWh Speichermenge;22,63;23,03;27,06;25,58;25,17;24,71;26,37;24,75;25,68;26,49;22,93;23,41;24,71;25,7;23,52;26,56;24,86;22,17;26,81;24,14;24,0;25,81;25,68;26,47;24,22;25,44;25,95;24,76;23,96;25,16;25,53;23,58;27,17;28,14;24,91;27,28;24,11;21,37;22,35;23,84;26,07;24,24;22,34;25,64;24,85;23,1;25,81;27,23;24,69;25,13;25,11;25,41;26,24;29,33;26,95;24,65;25,68;25,84;25,71;22,91;25,49;25,61;27,25;26,74;26,34;19,12;25,61;21,79;25,0;23,78;23,35;27,57;25,47;24,59;26,22;23,76;25,93;25,29;26,37;25,85;24,08;23,71;27,01;27,66;24,41;27,87;24,38;22,97;27,49;26,81;24,67;25,01;25,21;25,01;25,39;27,77;26,38;27,31;24,85;26,45;24,54;25,36;28,5;24,71;24,91;26,55;24,27;24,2;23,42;24,37;23,54;26,36;28,36;27,18;24,67;24,32;27,27;26,83;23,15;24,73;26,54;23,63;26,59;26,63;26,97;23,33;25,08;26,47;25,8;24,31;24,39;26,76;23,08;28,64;23,54;25,93;27,57;23,18;22,69;23,96;24,68;22,95;25,65;25,87;25,72;24,98;24,6;24,51;24,39;25,33;25,27;23,52;27,22;24,04;25,94;26,79;22,24;24,09;22,94;26,87;22,99;24,23;25,1;26,08;26,75;26,09;25,37;22,05;28,48;24,7;24,19;23,58;26,52;28,28;25,72;24,52;24,33;23,58;27,14;28,01;23,78;25,06;18,64;24,95;27,19;24,21;26,52;25,09;24,42;26,32;24,63;23,16;26,37;26,05;23,85;24,12;27,95;25,87;25,96;26,08
;calc_lcoe_mix;ct/kWh;2,76;2,89;3,0;2,83;2,78;2,97;2,78;2,82;2,87;2,7;2,92;2,85;2,75;2,99;2,77;2,79;2,91;2,5;2,86;2,63;2,61;2,9;2,8;2,94;2,58;2,77;2,95;2,83;2,85;2,74;2,95;2,83;2,84;2,84;2,6;2,78;2,78;2,38;2,77;2,78;2,87;2,66;2,74;3,03;2,84;2,95;2,96;2,8;2,96;2,84;2,78;2,83;2,96;3,09;2,97;2,78;2,78;2,86;2,98;2,93;2,81;2,95;2,92;2,73;2,74;2,1;2,79;2,55;2,61;2,93;2,67;2,8;3,0;2,81;2,83;2,81;2,88;2,89;2,73;2,66;2,91;2,9;2,92;2,88;2,8;2,84;2,9;2,69;2,87;2,94;2,96;2,92;2,84;2,79;2,71;2,75;2,85;2,98;2,86;2,92;2,72;3,04;2,82;2,62;2,7;2,84;2,92;2,84;2,75;2,58;2,87;2,83;2,99;2,79;2,67;2,53;2,61;2,93;2,87;2,81;2,82;2,76;2,96;2,8;2,88;2,38;2,57;2,82;2,93;2,76;2,84;2,76;2,36;2,94;2,81;2,8;2,72;2,71;2,88;2,97;2,76;2,64;2,97;2,71;2,63;2,76;2,85;2,95;2,91;2,8;2,75;2,57;2,76;2,99;2,78;2,88;2,7;2,83;2,77;2,88;2,67;2,75;2,8;2,67;2,75;2,96;3,04;2,38;2,88;2,94;2,8;2,75;2,96;2,82;2,97;2,89;2,71;2,89;3,07;2,69;2,86;2,64;2,24;2,7;2,93;2,52;2,97;2,93;2,55;3,01;2,72;2,59;2,9;2,77;2,75;2,76;2,95;2,96;2,86;2,94
;calc_lcoh_h2s;€/kg Speichermenge;4,64;3,62;4,12;4,02;4,71;4,18;4,49;4,31;3,8;3,83;3,97;4,29;4,33;4,96;3,89;4,01;4,94;4,19;4,39;4,13;4,26;4,37;4,69;4,61;3,55;3,89;4,07;4,82;4,2;4,17;4,07;4,47;4,23;4,82;4,27;4,59;4,24;4,89;4,19;4,11;4,24;4,28;3,75;4,73;3,93;4,38;4,12;4,16;3,65;4,03;3,66;4,22;4,44;4,69;4,68;4,0;4,11;3,62;4,48;3,62;4,73;4,42;4,39;3,94;4,18;5,53;4,39;4,34;3,78;4,68;4,81;4,22;3,89;3,99;3,78;4,38;4,5;3,64;4,92;3,98;4,12;4,35;4,21;3,79;4,87;3,92;3,86;3,81;4,89;3,86;4,07;4,78;4,57;4,48;4,06;3,96;3,8;4,76;4,22;4,25;3,68;4,4;4,68;4,43;4,42;4,75;4,19;4,69;3,96;4,93;4,78;3,95;3,95;4,43;4,08;5,16;4,01;3,73;3,98;4,28;3,94;3,89;4,2;4,61;4,15;5,46;4,56;3,94;4,69;3,99;4,26;4,75;5,25;4,15;3,97;3,7;4,51;4,25;3,58;4,39;3,98;4,34;4,59;3,81;3,81;4,16;3,98;4,39;4,66;4,33;4,17;3,8;4,54;5,04;4,6;4,82;4,93;4,49;4,66;5,11;4,62;4,2;4,51;4,74;4,71;4,37;4,27;5,49;3,8;4,33;4,17;3,69;3,81;4,09;4,4;4,83;4,13;4,55;3,73;3,94;4,42;3,8;5,09;3,78;4,29;4,33;4,14;4,28;4,45;4,45;4,2;4,25;3,6;3,57;3,99;4,63;4,28;4,27;4,38;4,25
;calc_lcoh_pem;€/kg;2,31;2,35;2,46;2,29;2,26;2,56;2,32;2,29;2,35;2,31;2,37;2,21;2,18;2,45;2,23;2,3;2,38;2,26;2,31;2,25;2,19;2,45;2,32;2,5;2,18;2,2;2,45;2,24;2,4;2,31;2,47;2,32;2,28;2,28;2,07;2,31;2,37;2,06;2,34;2,34;2,29;2,13;2,31;2,34;2,33;2,37;2,37;2,37;2,29;2,34;2,27;2,36;2,5;2,51;2,4;2,29;2,39;2,26;2,48;2,4;2,45;2,39;2,4;2,3;2,33;1,95;2,36;2,1;2,26;2,32;2,28;2,31;2,44;2,27;2,33;2,32;2,43;2,47;2,35;2,32;2,35;2,23;2,31;2,4;2,3;2,37;2,49;2,27;2,34;2,52;2,34;2,4;2,35;2,39;2,38;2,4;2,44;2,32;2,32;2,36;2,29;2,47;2,4;2,18;2,36;2,44;2,27;2,22;2,3;2,08;2,3;2,45;2,44;2,36;2,33;2,21;2,1;2,51;2,33;2,37;2,4;2,34;2,34;2,36;2,31;2,09;2,27;2,39;2,51;2,41;2,33;2,32;2,05;2,27;2,21;2,32;2,3;2,35;2,3;2,34;2,37;2,3;2,4;2,3;2,37;2,39;2,25;2,37;2,31;2,46;2,34;2,33;2,31;2,36;2,31;2,27;2,27;2,44;2,22;2,39;2,31;2,25;2,27;2,29;2,24;2,48;2,45;2,07;2,5;2,41;2,36;2,27;2,29;2,32;2,48;2,34;2,31;2,34;2,51;2,33;2,3;2,21;2,04;2,27;2,29;2,17;2,28;2,53;2,23;2,45;2,29;2,19;2,37;2,33;2,34;2,32;2,48;2,47;2,39;2,45
;calc_lcoh_h2;€/kg;2,56;2,55;2,69;2,48;2,52;2,78;2,56;2,52;2,56;2,52;2,58;2,45;2,41;2,72;2,44;2,52;2,65;2,5;2,55;2,47;2,42;2,68;2,57;2,76;2,37;2,4;2,67;2,5;2,63;2,53;2,69;2,56;2,51;2,54;2,3;2,56;2,6;2,17;2,57;2,56;2,52;2,36;2,51;2,59;2,54;2,6;2,59;2,59;2,48;2,56;2,46;2,58;2,74;2,77;2,65;2,51;2,62;2,45;2,72;2,6;2,71;2,63;2,64;2,52;2,55;1,99;2,6;2,34;2,47;2,57;2,54;2,55;2,65;2,48;2,53;2,56;2,68;2,67;2,62;2,53;2,57;2,46;2,54;2,61;2,56;2,58;2,71;2,47;2,61;2,73;2,55;2,66;2,59;2,63;2,6;2,62;2,65;2,57;2,55;2,6;2,49;2,71;2,65;2,38;2,6;2,7;2,49;2,47;2,51;2,22;2,52;2,67;2,66;2,6;2,55;2,34;2,32;2,71;2,55;2,6;2,61;2,56;2,57;2,61;2,54;2,18;2,52;2,61;2,77;2,63;2,55;2,58;2,12;2,49;2,42;2,52;2,54;2,58;2,49;2,58;2,59;2,53;2,65;2,5;2,58;2,62;2,46;2,61;2,55;2,69;2,56;2,54;2,56;2,63;2,56;2,52;2,53;2,68;2,47;2,66;2,56;2,48;2,51;2,54;2,49;2,72;2,68;2,16;2,71;2,65;2,59;2,47;2,49;2,54;2,72;2,59;2,5;2,58;2,72;2,55;2,54;2,41;2,1;2,48;2,52;2,33;2,5;2,76;2,47;2,69;2,51;2,42;2,57;2,52;2,56;2,57;2,71;2,7;2,63;2,69
;calc_lcon_asu;€/kg;0,04;0,04;0,04;0,04;0,04;0,04;0,04;0,04;0,03;0,04;0,04;0,04;0,04;0,04;0,04;0,04;0,04;0,04;0,04;0,04;0,03;0,04;0,04;0,04;0,04;0,04;0,04;0,04;0,04;0,04;0,03;0,04;0,04;0,04;0,04;0,05;0,04;0,03;0,04;0,04;0,04;0,04;0,03;0,04;0,04;0,04;0,04;0,04;0,04;0,04;0,04;0,04;0,04;0,04;0,04;0,04;0,04;0,04;0,04;0,03;0,04;0,04;0,04;0,04;0,04;0,04;0,04;0,04;0,04;0,04;0,04;0,04;0,04;0,04;0,04;0,03;0,04;0,04;0,04;0,04;0,04;0,03;0,04;0,04;0,04;0,04;0,04;0,04;0,04;0,04;0,04;0,04;0,04;0,04;0,03;0,04;0,05;0,04;0,04;0,04;0,04;0,04;0,04;0,04;0,04;0,03;0,04;0,04;0,04;0,04;0,04;0,04;0,04;0,04;0,04;0,04;0,04;0,03;0,04;0,04;0,05;0,03;0,04;0,04;0,04;0,04;0,04;0,04;0,04;0,04;0,04;0,04;0,04;0,04;0,04;0,04;0,04;0,04;0,04;0,04;0,04;0,04;0,04;0,04;0,04;0,04;0,03;0,04;0,04;0,04;0,04;0,04;0,04;0,05;0,04;0,04;0,04;0,04;0,04;0,04;0,03;0,04;0,04;0,04;0,04;0,04;0,04;0,03;0,04;0,04;0,04;0,03;0,04;0,04;0,04;0,04;0,04;0,04;0,04;0,03;0,04;0,04;0,03;0,04;0,04;0,03;0,04;0,04;0,04;0,04;0,04;0,04;0,04;0,04;0,04;0,04;0,04;0,04;0,04;0,04
;calc_lcof_hb;€/t;685,46;687,86;710,34;663,87;678,18;721,77;678,68;685,19;691,64;671,99;699,62;682,57;645,6;715,18;677,37;689,53;688,64;697,9;691,01;666,13;656,45;705,0;686,82;699,56;648,17;664,19;716,15;686,72;707,23;662,2;699,06;687,51;673,42;670,69;637,31;683,66;708,69;608,1;682,48;662,35;676,96;658,05;662,84;687,0;685,46;684,58;690,63;712,47;688,84;672,16;670,91;685,57;716,4;744,01;715,16;677,03;683,88;658,7;703,44;703,47;718,58;690,59;688,55;685,03;690,86;569,0;695,5;645,7;681,55;683,16;669,41;693,57;710,85;676,19;669,75;683,83;701,9;688,14;684,54;663,22;710,76;662,04;696,5;693,1;709,96;707,44;719,4;665,39;689,45;744,12;687,02;693,1;686,44;705,32;688,06;697,26;737,88;684,18;674,74;696,09;697,46;714,76;686,02;636,03;713,86;713,04;659,81;684,4;692,83;605,75;673,76;711,28;699,72;689,51;678,69;648,9;642,27;708,81;689,56;693,57;702,42;660,29;694,15;689,65;701,45;616,89;660,57;680,47;713,05;717,69;692,73;678,12;602,28;665,26;659,97;674,54;676,97;698,47;666,63;705,12;688,96;672,79;730,47;671,57;701,78;698,77;652,48;682,04;670,71;722,88;704,15;671,62;699,32;687,75;704,52;668,34;668,77;722,28;683,34;680,4;701,07;688,86;674,22;669,81;664,2;709,89;698,45;613,07;735,38;696,82;685,77;675,25;688,8;673,07;731,61;704,86;663,86;702,8;724,25;666,56;685,07;635,45;607,04;675,43;680,31;634,74;689,25;707,16;664,08;707,16;683,14;640,56;695,47;685,06;695,65;686,28;710,58;723,44;708,17;689,6
;calc_GuV;€/a;-143886,81;10623,89;-104302,61;255221,65;85778,35;244837,08;-161775,56;-13339,48;141789,58;277417,63;-260595,97;26877,72;67050,67;-191902,22;-83545,46;-203287,91;-237802,95;52847,26;7433,07;343472,74;-232195,1;161103,74;-61256,66;-234638,5;233035,58;133211,08;-52292,0;-122121,1;-88218,59;133499,37;-61083,26;-242351,94;291171,39;79513,51;-85886,79;-216718,21;134676,08;128383,7;-365,14;-23272,11;-172307,28;332839,2;-139700,11;-199473,73;81717,14;-145588,66;-62617,06;30939,14;185820,12;-42179,11;41736,59;-27569,62;162418,74;-139795,78;-80038,83;350482,2;-121733,21;75681,79;158121,84;108748,77;-283388,55;-176888,23;134453,6;91079,46;-37715,62;384268,98;-243746,63;75903,97;-307626,33;53880,61;159690,2;199807,04;8969,42;-151488,95;-27296,95;-8154,97;-386697,39;-163223,35;121514,17;-121390,5;-144870,4;95364,02;-121686,6;196884,91;103786,14;86802,39;-204102,9;17963,79;-409630,41;-41447,46;-180100,03;-343184,68;-57110,98;113119,39;-63563,35;-174515,73;-72412,29;251138,3;-62276,44;-4206,47;9485,9;-114212,76;-115094,19;34259,24;-56017,0;-153233,55;170545,37;25895,04;-114157,02;110399,15;-62583,85;-97124,52;51016,65;69285,4;56782,2;114097,04;170703,81;42931,4;-30953,65;16024,22;-95682,0;-155502,33;133820,59;53893,85;-251611,27;-88283,94;336427,59;200869,75;-365404,15;-321567,77;89690,37;-95954,03;-307614,89;-45846,2;-156164,7;-7572,12;75895,1;71315,04;-184739,56;-16699,77;17454,98;-38274,22;77766,69;152255,98;-100920,87;-128175,0;2946,84;44341,58;111015,12;-412313,76;179398,4;-48295,04;-138469,07;181565,19;-62147,41;184012,7;239520,53;87188,62;-183789,93;-171235,0;-128906,04;-236174,44;496,02;-83408,6;65625,26;-247,49;69848,03;265283,2;112073,86;-335905,72;-60868,41;155491,73;-108989,36;122026,05;-255690,19;-16515,91;-275161,5;1610,58;-184384,79;-192379,3;15953,13;293952,06;127445,31;117971,14;-107690,48;-43557,34;108748,52;-39902,98;228949,25;-12772,58;147707,13;146488,7;-33544,15;288545,7;180282,89;-74388,99;-360128,25;-11451,78;-124813,73;-289621,68
