Prozess;Variable;Einheit;Run_1;Run_2;Run_3;Run_4;Run_5;Run_6
;;;;;;;;
Inputs;capex_pem;;1000;3000;;;;
;capex_wkaon;;;;800;1600;;
;wacc_change;;;;;;-0,02;0,02
;;;;;;;;
Outputs;annuity_pem;€/ kWa;101,852209;305,556626;152,778313;152,778313;130,776835;176,189437
;result_pem_leistung;kW;4921,503003;3474,944827;4305,893079;4469,874276;4501,584919;4455,773702
;result_pem_flowsum_elin;MWh/a;30459,95987;25968,96918;28988,00635;29310,85442;29406,1177;29270,1827
;result_pem_flowsum_h2out;kg_H2/a;609199,1974;519379,3836;579760,1269;586217,0884;588122,3541;585403,654
;calc_gesamtinvest_pem;€;4921503,003;10424834,48;6458839,619;6704811,413;6752377,379;6683660,552
;calc_opex_fix_pem;€/a;147645,0901;312745,0345;193765,1886;201144,3424;202571,3214;200509,8166
;calc_annuity_pem;€/a;501265,9515;1061792,419;657847,0816;682899,8522;588703,0303;785060,2606
;calc_verzinstinvest_pem;€;10025319,03;21235848,37;13156941,63;13657997,04;11774060,61;15701205,21
;calc_cost_pem;€/a;648911,0416;1374537,453;851612,2702;884044,1946;791274,3517;985570,0772
;;;;;;;;
;annuity_ms;€ h/ kg a;478,698561;478,698561;478,698561;478,698561;399,73853;562,958849
;result_ms_flowsum_ch3ohout;kg_CH3OH/a;2500104;2500104;2500104;2500104;2500104;2500104
;result_ms_flowsum_h2in;kg_H2/a;472519,656;472519,656;472519,656;472519,656;472519,656;472519,656
;result_ms_flowsum_co2in;kg_CO2/a;3437643;3437643;3437643;3437643;3437643;3437643
;result_ms_flowsum_elin;MWh/a;3750,156;3750,156;3750,156;3750,156;3750,156;3750,156
;calc_gesamtinvest_ms;€;1458394;1458394;1458394;1458394;1458394;1458394
;calc_opex_fix_ms;€/a;72919,7;72919,7;72919,7;72919,7;72919,7;72919,7
;calc_annuity_ms;€/a;136620,5693;136620,5693;136620,5693;136620,5693;114085,3765;160668,4555
;calc_verzinstinvest_ms;€;3415514,232;3415514,232;3415514,232;3415514,232;2852134,412;4016711,387
;calc_cost_ms;€/a;209540,2693;209540,2693;209540,2693;209540,2693;187005,0765;233588,1555
;;;;;;;;
;annuity_hp;€/ kW_th a;56,169811;56,169811;56,169811;56,169811;47,050995;66,075048
;result_hp_leistung;kW_el;199,794674;378,670685;250,254102;276,065564;276,14699;282,474739
;result_hp_flowsum_elin;MWh_el/a;1632,641579;1818,462104;1663,678153;1672,637633;1674,838021;1671,503547
;result_hp_flowsum_qout;MWh_th/a;6046820,663;6735044,83;6161770,935;6194954,197;6203103,781;6190753,878
;calc_gesamtinvest_hp;€;517986,1927;981738,8141;648806,9319;715725,5372;715936,6405;732341,9165
;calc_opex_fix_hp;€/a;10359,72385;19634,77628;12976,13864;14314,51074;14318,73281;14646,83833
;calc_annuity_hp;€/a;41564,55223;78777,26239;52061,9468;57431,66883;48122,18789;69127,89614
;calc_verzinstinvest_hp;€;831291,0446;1575545,248;1041238,936;1148633,377;962443,7577;1382557,923
;calc_cost_hp;€/a;51924,27608;98412,03868;65038,08544;71746,17957;62440,9207;83774,73447
;;;;;;;;
;annuity_dac;€ h/ kg a;768,562373;768,562373;768,562373;768,562373;674,396013;868,412179
;result_dac_leistung;kW_el;196,2125;196,2125;196,2125;196,2125;196,2125;196,2125
;result_dac_flowsum_elin;MWh/a;1718,8215;1718,8215;1718,8215;1718,8215;1718,8215;1718,8215
;result_dac_flowsum_qin;MWh_th/a;6015875,25;6015875,25;6015875,25;6015875,25;6015875,25;6015875,25
;result_dac_flowsum_co2out;kg_CO2/a;3437643;3437643;3437643;3437643;3437643;3437643
;calc_gesamtinvest_dac;€;2746975;2746975;2746975;2746975;2746975;2746975
;calc_opex_fix_dac;€/a;137348,75;137348,75;137348,75;137348,75;137348,75;137348,75
;calc_annuity_dac;€/a;301603,0892;301603,0892;301603,0892;301603,0892;264649,8555;340786,6492
;calc_verzinstinvest_dac;€;4524046,338;4524046,338;4524046,338;4524046,338;3969747,833;5111799,738
;calc_cost_dac;€/a;438951,8392;438951,8392;438951,8392;438951,8392;401998,6055;478135,3992
;;;;;;;;
;annuity_h2s;€/ kg a;39,318868;39,318868;39,318868;39,318868;32,935697;46,252534
;result_h2s_kapa;kg;8244,002901;6554,273311;7757,716544;7633,394132;7652,798693;7654,211856
;result_h2s_flowsum_in;kg_H2/a;100713,838;64200,34818;86539,34203;90579,47705;90725,10214;90340,04156
;result_h2s_flowsum_out;kg_H2/a;69750,72992;44380,92705;59913,56125;62721,53923;62823,37516;62554,90118
;calc_gesamtinvest_h2s;€;4039561,421;3211593,923;3801281,106;3740363,124;3749871,36;3750563,809
;calc_opex_fix_h2s;€/a;40395,61421;32115,93923;38012,81106;37403,63125;37498,7136;37505,63809
;calc_annuity_h2s;€/a;324144,8596;257706,6054;305024,6306;300136,4141;252050,2568;354026,6911
;calc_verzinstinvest_h2s;€;6482897,191;5154132,107;6100492,612;6002728,283;5041005,137;7080533,823
;calc_cost_h2s;€/a;364540,4738;289822,5446;343037,4417;337540,0454;289548,9704;391532,3292
;;;;;;;;
;annuity_qs;€/ kWh_th a;0,184096;0,184096;0,184096;0,184096;0,144385;0,22806
;result_qs_kapa;kWh_th;15049,8166;83055,79298;43994,62577;47850,95984;50976,60277;44295,97474
;result_qs_flowsum_in;kWh_th/a;336651,8974;8138828,921;1372641,778;1751762,243;1826063,409;1807475,188
;result_qs_flowsum_out;kWh_th/a;305706,4848;7600738,032;1230486,088;1581067,393;1646914,956;1637030,256
;calc_gesamtinvest_qs;€;42590,98097;235047,8941;124504,7909;135418,2164;144263,7858;125357,6085
;calc_opex_fix_qs;€/a;1277,729429;7051,436824;3735,143728;4062,54649;4327,913575;3760,728255
;calc_annuity_qs;€/a;2770,604434;15290,20283;8099,215325;8809,14931;7360,2315;10102,11882
;calc_verzinstinvest_qs;€;83118,13301;458706,0848;242976,4598;264274,4793;220806,945;303063,5647
;calc_cost_qs;€/a;4048,333863;22341,63965;11834,35905;12871,6958;11688,14508;13862,84708
;;;;;;;;
;annuity_bat_leistung;€/ kWa;46,552921;46,552921;46,552921;46,552921;40,84913;52,600966
;annuity_bat_kapa;€/ kWh a;11,63823;11,63823;11,63823;11,63823;10,212282;13,150242
;result_bat_kapa;kWh;3032,912789;8352,56468;2800,754131;3027,673562;3028,284976;3027,661794
;result_bat_leistung;kW;758,228197;2088,14117;700,188533;756,918391;757,071244;756,915448
;result_bat_flowsum_out;MWh/a;1104,060565;3771,082352;956,701144;1036,428347;1047,805447;1176,685221
;result_bat_flowsum_in;MWh/a;1263,588091;4315,427311;1094,965065;1186,22015;1199,238408;1346,68506
;calc_gesamtinvest_bat;€;642977,5112;1770743,712;593759,8757;641866,7952;641996,415;641864,3003
;calc_opex_fix_bat;€/a;8037,21889;22134,2964;7421,998447;8023,33494;8024,955187;8023,303754
;calc_annuity_bat;€/a;70595,47454;194418,1413;65191,64272;70473,52388;61851,40326;79628,96791
;calc_verzinstinvest_bat;€;1058932,118;2916272,12;977874,6408;1057102,858;927771,0488;1194434,519
;calc_cost_bat;€/a;78632,69343;216552,4377;72613,64116;78496,85882;69876,35844;87652,27167
;;;;;;;;
;result_strombezug_flowsum;MWh/a;0;0;0;0;0;0
;calc_strombezug_kosten;€/a;0;0;0;0;0;0
;;;;;;;;
;annuity_pv;€/ kWa;81,205783;81,205783;81,205783;81,205783;66,019118;97,817614
;result_pv_leistung;kW;6010,411246;7064,239737;5385,460111;6455,713973;6403,747449;6456,714195
;result_pv_flowsum_generation;MWh/a;7747,852845;9106,313646;6942,245836;8321,880123;8254,891532;8323,169481
;calc_gesamtinvest_pv;€;6611452,37;7770663,711;5924006,122;7101285,371;7044122,194;7102385,615
;calc_opex_fix_pv;€/a;107225,7366;126026,0369;96076,60838;115169,9373;114242,8545;115187,7812
;calc_opex_var_pv;€/a;0;0;0;0;0;0
;calc_annuity_pv;€/a;488080,1515;573657,1193;437330,5053;524241,3082;422769,7613;631580,3741
;calc_verzinstinvest_pv;€;12202003,79;14341427,98;10933262,63;13106032,71;10569244,03;15789509,35
;calc_cost_pv;€/a;595305,8882;699683,1563;533407,1137;639411,2455;537012,6158;746768,1553
;;;;;;;;
;annuity_wkaon;€/ kWa;82,886016;82,886016;61,397049;122,794098;67,67922;99,450271
;result_wka_leistung;kW;13333,70081;13421,53297;14759,54042;13333,70081;13333,70081;13333,70081
;result_wka_flowsum_generation;MWh/a;38928,03285;39184,46077;43090,80295;38928,03285;38928,03285;38928,03285
;calc_gesamtinvest_wka;€;14400396,87;14495255,6;11807632,33;21333921,29;14400396,87;14400396,87
;calc_opex_fix_wkaon;€/a;169071,3262;170185,038;187150,9725;169071,3262;169071,3262;169071,3262
;calc_opex_var_wkaon;€/a;194640,1643;195922,3039;215454,0148;194640,1643;194640,1643;194640,1643
;calc_annuity_wka;€/a;1105177,336;1112457,394;906192,2226;1637299,757;902414,4738;1326040,158
;calc_verzinstinvest_wka;€;27629433,4;27811434,85;22654805,56;40932493,93;22560361,85;33151003,94
;calc_cost_wkaon;€/a;1468888,827;1478564,736;1308797,21;2001011,248;1266125,964;1689751,648
;;;;;;;;
;result_stromverkauf_flowsum;MWh/a;8954,779219;14490,02068;13774,12287;10647,65162;10481,5582;10670,53874
;calc_einnahmen_stromverkauf;€/a;0;0;0;0;0;0
;;;;;;;;
;result_qverkauf_flowsum;MWh_th/a;0;181078,6911;3739,995176;8384,096487;8080,077368;4433,695873
;calc_einnnahmen_qverkauf;€/a;0;0;0;0;0;0
;;;;;;;;
;result_h2verkauf_flowsum;kg_H2/a;105716,4334;27040,30648;80614,69012;85839,49461;87700,97107;85098,85766
;calc_einnahmen_h2verkauf;€/a;158574,6501;40560,45972;120922,0352;128759,2419;131551,4566;127648,2865
;;;;;;;;
;result_ch3ohverkauf_flowsum;kg_CH3OH/a;2500104;2500104;2500104;2500104;2500104;2500104
;calc_einnahmen_ch3ohverkauf;€/a;1500062,4;1500062,4;1500062,4;1500062,4;1500062,4;1500062,4
;;;;;;;;
;calc_verzinstinvest_gesamt;€;66252555,28;81432927,33;63047153,05;84108823,25;58877575,62;83730819,46
;calc_gesamtinvest;€;35381837,35;43095247,14;33564199,78;44578760,75;37654333,65;37641939,67
;;;;;;;;
;calc_opex_gesamt;€/a;888921,0536;1096083,312;964861,3261;954098,2436;954964,4315;953614,0467
;calc_annuity_gesamt;€/a;2971822,588;3732322,802;2869970,903;3719515,332;2662006,577;3757021,571
;calc_einnahmen_gesamt;€/a;1658637,05;1540622,86;1620984,435;1628821,642;1631613,857;1627710,686
;calc_ausgaben_gesamt;€/a;3860743,642;4828406,114;3834832,229;4673613,576;3616971,008;4710635,618
;calc_GuV;€/a;-2202106,592;-3287783,254;-2213847,794;-3044791,934;-1985357,152;-3082924,931
;calc_cost_gesamt;€/a;3860743,642;4828406,114;3834832,229;4673613,576;3616971,008;4710635,618
;;;;;;;;
;calc_lcoe_wka;ct/kWh;3,773345;3,773345;3,037301;5,140283;3,252479;4,340706
;calc_lcoe_pv;ct/kWh;7,683495;7,683495;7,683495;7,683495;6,505387;8,972161
;calc_lcoe_bat;ct/kWh Speichermenge;7,122136;5,742448;7,590003;7,573785;6,668829;7,449084
;calc_lcoe_mix;ct/kWh;5,704838;7,201019;5,301171;7,458807;5,124537;6,932508
;calc_lcoh_hp;ct/kWh_th;2,39901;3,405469;2,486826;3,172017;2,390233;3,225001
;calc_lcoh_qs;ct/kWh_th;1,324255;0,29394;0,961763;0,814114;0,709699;0,846829
;calc_lcoh_q;ct/kWh_th;2,478645;4,183954;2,743855;3,480403;2,658911;3,549188
;calc_lcoh_h2s;€/kg Speichermenge;5,226332;6,53034;5,725539;5,381565;4,608937;6,259019
;calc_lcoh_pem;€/kg;3,917606;6,247009;4,11949;5,237453;3,907693;5,149827
;calc_lcoh_h2;€/kg;5,486689;7,394042;5,524493;6,939532;5,198089;6,938572
;calc_lcon_dac;€/kg;;;;;;
;calc_lcof_ms;€/t;1480,805995;1915,058595;1485,502281;1817,86611;1394,109826;1833,118675
;;;;;;;;
;calc_cost_el;ct/kWh;5,704838;7,201019;5,301171;7,458807;5,124537;6,932508
;calc_cost_q;ct/kWh_th;2,478645;4,183954;2,743855;3,480403;2,658911;3,549188
;calc_cost_h2;€/kg;5,486689;7,394042;5,524493;6,939532;5,198089;6,938572
;calc_cost_co2;€/kg;0,19959;0,236914;0,202213;0,225891;0,189094;0,235861
;calc_cost_ch3oh;€/t;1480,805995;1915,058595;1485,502281;1817,86611;1394,109826;1833,118675
;;;;;;;;
;calc_maxprice;€/kg_CH3OH;1,544233;1,931282;1,533869;1,869368;1,446728;1,884176
;calc_price;€/kg_CH3OH;1,480806;1,915059;1,485502;1,817866;1,39411;1,833119
;calc_lcon_mea;;0,19959;0,236914;0,202213;0,225891;0,189094;0,235861
