Prozess;Variable;Einheit;Run_1;Run_2;Run_3;Run_4;Run_5;Run_6;Run_7;Run_8;Run_9;Run_10
;;;;;;;;;;;;
Inputs;capex_pem;;1000;3000;;;;;;;;
;capex_wkaon;;;;800;1600;;;;;;
;strompreis;;;;;;0,0651;0,1209;;;;
;h2_preis;;;;;;;;3;8;;
;wacc_change;;;;;;;;;;0,008;0,048
;;;;;;;;;;;;
Outputs;annuity_pem;€/ kWa;123,936966;371,810899;185,905449;185,905449;185,905449;185,905449;185,905449;185,905449;161,984393;210,968626
;result_pem_leistung;kW;3494,050243;0;2697,03;2697,03;2697,03;2697,03;0;2697,03;2844,007726;2697,03
;result_pem_flowsum_elin;MWh/a;24901,92691;0;23625,9828;23625,9828;23625,9828;15326,68828;0;23625,9828;23839,26147;23625,9828
;result_pem_flowsum_h2out;kg_H2/a;498038,5383;0;472519,656;472519,656;472519,656;306533,7656;0;472519,656;476785,2295;472519,656
;calc_gesamtinvest_pem;€;3494050,243;0;4045545;4045545;4045545;4045545;0;4045545;4266011,589;4045545
;calc_opex_fix_pem;€/a;104821,5073;0;121366,35;121366,35;121366,35;121366,35;0;121366,35;127980,3477;121366,35
;calc_annuity_pem;€/a;433041,9871;0;501392,5742;501392,5742;501392,5742;501392,5742;0;501392,5742;460684,8662;568988,7144
;calc_verzinstinvest_pem;€;8660839,743;0;10027851,48;10027851,48;10027851,48;10027851,48;0;10027851,48;9213697,324;11379774,29
;calc_cost_pem;€/a;537863,4944;0;622758,9242;622758,9242;622758,9242;622758,9242;0;622758,9242;588665,2139;690355,0644
;;;;;;;;;;;;
;annuity_ms;€ h/ kg a;597,92158;597,92158;597,92158;597,92158;597,92158;597,92158;597,92158;597,92158;511,823847;687,951164
;result_ms_flowsum_ch3ohout;kg_CH3OH/a;2500104;2500104;2500104;2500104;2500104;2500104;2500104;2500104;2500104;2500104
;result_ms_flowsum_h2in;kg_H2/a;472519,656;472519,656;472519,656;472519,656;472519,656;472519,656;472519,656;472519,656;472519,656;472519,656
;result_ms_flowsum_co2in;kg_CO2/a;3437643;3437643;3437643;3437643;3437643;3437643;3437643;3437643;3437643;3437643
;result_ms_flowsum_elin;MWh/a;3750,156;3750,156;3750,156;3750,156;3750,156;3750,156;3750,156;3750,156;3750,156;3750,156
;calc_gesamtinvest_ms;€;1458394;1458394;1458394;1458394;1458394;1458394;1458394;1458394;1458394;1458394
;calc_opex_fix_ms;€/a;72919,7;72919,7;72919,7;72919,7;72919,7;72919,7;72919,7;72919,7;72919,7;72919,7
;calc_annuity_ms;€/a;170646,8189;170646,8189;170646,8189;170646,8189;170646,8189;170646,8189;170646,8189;170646,8189;146074,5258;196341,2621
;calc_verzinstinvest_ms;€;4266170,473;4266170,473;4266170,473;4266170,473;4266170,473;4266170,473;4266170,473;4266170,473;3651863,146;4908531,553
;calc_cost_ms;€/a;243566,5189;243566,5189;243566,5189;243566,5189;243566,5189;243566,5189;243566,5189;243566,5189;218994,2258;269260,9621
;;;;;;;;;;;;
;annuity_hp;€/ kW_th a;70,238728;70,238728;70,238728;70,238728;70,238728;70,238728;70,238728;70,238728;60,042057;81,102179
;result_hp_leistung;kW_el;98,326008;98,326008;98,326008;98,326008;98,326008;125,423209;98,326008;98,326008;122,233376;98,326008
;result_hp_flowsum_elin;MWh_el/a;861,33583;861,33583;861,33583;861,33583;861,33583;870,02697;861,33583;861,33583;866,917475;861,33583
;result_hp_flowsum_qout;MWh_th/a;3190132,704;3190132,704;3190132,704;3190132,704;3190132,704;3222322,112;3190132,704;3190132,704;3210805,463;3190132,704
;calc_gesamtinvest_hp;€;254919,28;254919,28;254919,28;254919,28;254919,28;325171,2829;254919,28;254919,28;316901,3445;254919,28
;calc_opex_fix_hp;€/a;5098,3856;5098,3856;5098,3856;5098,3856;5098,3856;6503,425658;5098,3856;5098,3856;6338,026891;5098,3856
;calc_annuity_hp;€/a;25578,86559;25578,86559;25578,86559;25578,86559;25578,86559;32628,0246;25578,86559;25578,86559;27182,01217;29535,01306
;calc_verzinstinvest_hp;€;511577,3117;511577,3117;511577,3117;511577,3117;511577,3117;652560,4919;511577,3117;511577,3117;543640,2433;590700,2613
;calc_cost_hp;€/a;30677,25119;30677,25119;30677,25119;30677,25119;30677,25119;39131,45025;30677,25119;30677,25119;33520,03906;34633,39866
;;;;;;;;;;;;
;annuity_mea;€ h/ kg a;191,896554;191,896554;191,896554;191,896554;191,896554;191,896554;191,896554;191,896554;164,264405;220,790589
;result_mea_leistung;kW_el;78,485;78,485;78,485;78,485;78,485;78,485;78,485;78,485;78,485;78,485
;result_mea_flowsum_elin;MWh/a;687,5286;687,5286;687,5286;687,5286;687,5286;687,5286;687,5286;687,5286;687,5286;687,5286
;result_mea_flowsum_qin;MWh_th/a;3190132,704;3190132,704;3190132,704;3190132,704;3190132,704;3190132,704;3190132,704;3190132,704;3190132,704;3190132,704
;result_mea_flowsum_biogasin;kg_Biogas/a;8594107,5;8594107,5;8594107,5;8594107,5;8594107,5;8594107,5;8594107,5;8594107,5;8594107,5;8594107,5
;result_mea_flowsum_co2out;kg_CO2/a;3437643;3437643;3437643;3437643;3437643;3437643;3437643;3437643;3437643;3437643
;calc_gesamtinvest_mea;€;643577;643577;643577;643577;643577;643577;643577;643577;643577;643577
;calc_opex_fix_mea;€/a;25743,08;25743,08;25743,08;25743,08;25743,08;25743,08;25743,08;25743,08;25743,08;25743,08
;calc_opex_var_mea;€/a;5156,4645;5156,4645;5156,4645;5156,4645;5156,4645;5156,4645;5156,4645;5156,4645;5156,4645;5156,4645
;calc_annuity_mea;€/a;75305,00522;75305,00522;75305,00522;75305,00522;75305,00522;75305,00522;75305,00522;75305,00522;64461,45906;86643,74679
;calc_verzinstinvest_mea;€;1882625,13;1882625,13;1882625,13;1882625,13;1882625,13;1882625,13;1882625,13;1882625,13;1611536,476;2166093,67
;calc_cost_mea;€/a;106204,5497;106204,5497;106204,5497;106204,5497;106204,5497;106204,5497;106204,5497;106204,5497;95361,00356;117543,2913
;;;;;;;;;;;;
;annuity_h2s;€ / kg a;49,167109;49,167109;49,167109;49,167109;49,167109;49,167109;49,167109;49,167109;42,02944;56,771525
;result_h2s_kapa;kg;437,043102;0;0;0;0;0;0;0;95,264343;0
;result_h2s_flowsum_in;kg_H2/a;49237,42108;0;0;0;0;0;0;0;10744,84303;0
;result_h2s_flowsum_out;kg_H2/a;34159,37477;0;0;0;0;0;0;0;7454,688191;0
;calc_gesamtinvest_h2s;€;214151,1198;0;0;0;0;0;0;0;46679,52792;0
;calc_opex_fix_h2s;€/a;2141,511198;0;0;0;0;0;0;0;466,795279;0
;calc_annuity_h2s;€/a;21488,14601;0;0;0;0;0;0;0;4003,90695;0
;calc_verzinstinvest_h2s;€;429762,9202;0;0;0;0;0;0;0;80078,139;0
;calc_cost_h2s;€/a;23629,65721;0;0;0;0;0;0;0;4470,702229;0
;;;;;;;;;;;;
;annuity_qs;€/ kWh_th a;0,246653;0,246653;0,246653;0,246653;0,246653;0,246653;0,246653;0,246653;0,201216;0,295207
;result_qs_kapa;kWh_th;0;0;0;0;0;4387,369865;0;0;4266,390287;0
;result_qs_flowsum_in;kWh_th/a;0;0;0;0;0;560543,145;0;0;411597,5983;0
;result_qs_flowsum_out;kWh_th/a;0;0;0;0;0;528353,7371;0;0;390924,8398;0
;calc_gesamtinvest_qs;€;0;0;0;0;0;12416,25672;0;0;12073,88451;0
;calc_opex_fix_qs;€/a;0;0;0;0;0;372,487702;0;0;362,216535;0
;calc_annuity_qs;€/a;0;0;0;0;0;1082,15966;0;0;858,465813;0
;calc_verzinstinvest_qs;€;0;0;0;0;0;32464,7898;0;0;25753,97438;0
;calc_cost_qs;€/a;0;0;0;0;0;1454,647361;0;0;1220,682348;0
;;;;;;;;;;;;
;annuity_bat_leistung;€/ kWa;55,109987;55,109987;55,109987;55,109987;55,109987;55,109987;55,109987;55,109987;48,932452;61,590015
;annuity_bat_kapa;€/ kWh a;13,777497;13,777497;13,777497;13,777497;13,777497;13,777497;13,777497;13,777497;12,233113;15,397504
;result_bat_kapa;kWh;0;0;0;0;0;0;0;0;0;0
;result_bat_leistung;kW;0;0;0;0;0;0;0;0;0;0
;result_bat_flowsum_out;MWh/a;0;0;0;0;0;0;0;0;0;0
;result_bat_flowsum_in;MWh/a;0;0;0;0;0;0;0;0;0;0
;calc_gesamtinvest_bat;€;0;0;0;0;0;0;0;0;0;0
;calc_opex_fix_bat;€/a;0;0;0;0;0;0;0;0;0;0
;calc_annuity_bat;€/a;0;0;0;0;0;0;0;0;0;0
;calc_verzinstinvest_bat;€;0;0;0;0;0;0;0;0;0;0
;calc_cost_bat;€/a;0;0;0;0;0;0;0;0;0;0
;;;;;;;;;;;;
;result_strombezug_flowsum;MWh/a;6482,968451;1672,813214;8352,426544;10292,72362;10483,23719;342,325749;1672,813214;9131,145702;7948,60782;9585,445122
;calc_strombezug_kosten;€/a;602916,0659;155571,6289;776775,6686;957223,2964;682458,7412;41387,18302;155571,6289;849196,5503;739220,5272;891446,3964
;;;;;;;;;;;;
;result_biogasbezug_flowsum;kg_CH4/a;8594107,5;8594107,5;8594107,5;8594107,5;8594107,5;8594107,5;8594107,5;8594107,5;8594107,5;8594107,5
;calc_biogasbezug_kosten;€/a;0;0;0;0;0;0;0;0;0;0
;;;;;;;;;;;;
;result_h2bezug_flowsum;kg_H2/a;0;472519,656;0;0;0;165985,8904;472519,656;0;0;0
;calc_h2bezug_kosten;€/a;0;2362598,28;0;0;0;829929,452;1417558,968;0;0;0
;;;;;;;;;;;;
;annuity_pv;€/ kWa;104,812775;104,812775;104,812775;104,812775;104,812775;104,812775;104,812775;104,812775;87,691461;123,05307
;result_pv_leistung;kW;0;0;0;0;0;0;0;0;0;0
;result_pv_flowsum_generation;MWh/a;0;0;0;0;0;0;0;0;0;0
;calc_gesamtinvest_pv;€;0;0;0;0;0;0;0;0;0;0
;calc_opex_fix_pv;€/a;0;0;0;0;0;0;0;0;0;0
;calc_opex_var_pv;€/a;0;0;0;0;0;0;0;0;0;0
;calc_annuity_pv;€/a;0;0;0;0;0;0;0;0;0;0
;calc_verzinstinvest_pv;€;0;0;0;0;0;0;0;0;0;0
;calc_cost_pv;€/a;0;0;0;0;0;0;0;0;0;0
;;;;;;;;;;;;
;annuity_wkaon;€/ kWa;106,407824;106,407824;78,82061;157,64122;106,407824;106,407824;106,407824;106,407824;89,360763;124,510631
;result_wka_leistung;kW;5693,001738;915,145247;5558,823246;4344,659221;4255,078619;5267,465521;915,145247;4995,372175;5512,422384;4717,058583
;result_wka_flowsum_generation;MWh/a;26629,81834;4280,720926;26002,17953;20322,7561;19903,7302;24639,31269;4280,720926;23366,5577;25785,13295;22064,70663
;calc_gesamtinvest_wka;€;6148441,877;988356,8663;4447058,597;6951454,754;4595484,908;5688862,762;988356,8663;5395001,95;5953416,175;5094423,269
;calc_opex_fix_wkaon;€/a;72187,26204;11604,04173;70485,87876;55090,27892;53954,39688;66791,4628;11604,04173;63341,31919;69897,51583;59812,30283
;calc_opex_var_wkaon;€/a;133149,0917;21403,60463;130010,8976;101613,7805;99518,65102;123196,5634;21403,60463;116832,7885;128925,6648;110323,5331
;calc_annuity_wka;€/a;605779,9242;97378,61389;438149,8392;684897,3802;452773,6547;560499,5415;97378,61389;531546,6808;492594,2695;587323,9413
;calc_verzinstinvest_wka;€;15144498,11;2434465,347;10953745,98;17122434,5;11319341,37;14012488,54;2434465,347;13288667,02;12314856,74;14683098,53
;calc_cost_wkaon;€/a;811116,278;130386,2603;638646,6156;841601,4396;606246,7026;750487,5677;130386,2603;711720,7885;691417,4501;757459,7773
;;;;;;;;;;;;
;result_stromverkauf_flowsum;MWh/a;2911,83945;654,513711;5429,602841;1690,47649;1461,964167;4347,238585;654,513711;3572,700171;4589,877223;2725,148519
;calc_einnahmen_stromverkauf;€/a;0;0;0;0;0;0;0;0;0;0
;;;;;;;;;;;;
;result_qverkauf_flowsum;MWh_th/a;0;0;0;0;0;0;0;0;0;0
;calc_einnnahmen_qverkauf;€/a;0;0;0;0;0;0;0;0;0;0
;;;;;;;;;;;;
;result_h2verkauf_flowsum;kg_H2/a;10440,83596;0;0;0;0;0;0;0;975,418653;0
;calc_einnahmen_h2verkauf;€/a;15661,25393;0;0;0;0;0;0;0;1463,12798;0
;;;;;;;;;;;;
;result_ch3ohverkauf_flowsum;kg_CH3OH/a;2500104;2500104;2500104;2500104;2500104;2500104;2500104;2500104;2500104;2500104
;calc_einnahmen_ch3ohverkauf;€/a;1500062,4;1500062,4;1500062,4;1500062,4;1500062,4;1500062,4;1500062,4;1500062,4;1500062,4;1500062,4
;;;;;;;;;;;;
;calc_verzinstinvest_gesamt;€;30895473,68;9094838,262;27641970,38;33810658,9;28007565,77;30874160,91;9094838,262;29976891,42;27441426,04;33728198,3
;calc_gesamtinvest;€;12213533,52;3345247,146;10849493,88;13353890,03;10997920,19;12173966,3;3345247,146;11797437,23;12697053,52;11496858,55
;;;;;;;;;;;;
;calc_opex_gesamt;€/a;1024133,068;2660095,185;1207556,425;1344211,336;1066215,769;1293366,169;1715055,873;1259654,638;1177010,339;1291866,212
;calc_annuity_gesamt;€/a;1331840,747;368909,3036;1211073,103;1457820,644;1225696,919;1341554,124;368909,3036;1304469,945;1195859,506;1468832,678
;calc_einnahmen_gesamt;€/a;1515723,654;1500062,4;1500062,4;1500062,4;1500062,4;1500062,4;1500062,4;1500062,4;1501525,528;1500062,4
;calc_ausgaben_gesamt;€/a;2355973,815;3029004,489;2418629,528;2802031,98;2291912,688;2634920,293;2083965,177;2564124,583;2372869,844;2760698,89
;calc_GuV;€/a;-840250,1614;-1528942,089;-918567,1282;-1301969,58;-791850,2878;-1134857,893;-583902,777;-1064062,183;-871344,3163;-1260636,49
;calc_cost_gesamt;€/a;2355973,815;3029004,489;2418629,528;2802031,98;2291912,688;2634920,293;2083965,177;2564124,583;2372869,844;2760698,89
;;;;;;;;;;;;
;calc_lcoe_wka;ct/kWh;3,045895;3,045895;2,456127;4,141178;3,045895;3,045895;3,045895;3,045895;2,681458;3,432902
;calc_lcoe_pv;ct/kWh;0;0;0;0;0;0;0;0;0;0
;calc_lcoe_bat;ct/kWh Speichermenge;0;0;0;0;0;0;0;0;0;0
;calc_lcoe_mix;ct/kWh;4,682079;5,396429;4,893421;6,218927;4,455334;3,837644;5,396429;5,396429;4,908882;5,700626
;calc_lcoh_hp;ct/kWh_th;2,225791;2,418665;2,282853;2,64074;2,164569;2,25055;2,418665;2,418665;2,369374;2,62481
;calc_lcoh_qs;ct/kWh_th;0;0;0;0;0;0,275317;0;0;0,312255;0
;calc_lcoh_q;ct/kWh_th;2,225791;2,418665;2,282853;2,64074;2,164569;2,318858;2,418665;2,418665;2,422993;2,62481
;calc_lcoh_h2s;€/kg Speichermenge;0,691747;0;0;0;0;0;0;0;0,599717;0
;calc_lcoh_pem;€/kg;3,421003;0;3,764664;4,427417;3,54562;3,950438;0;4,016168;3,689096;4,311321
;calc_lcoh_h2;€/kg;3,622622;5;3,764664;4,427417;3,54562;4,319126;3;4,016168;3,728764;4,311321
;calc_lcon_mea;€/kg;0,060914;0,064133;0,061866;0,067838;0,059892;0,060089;0,064133;0,064133;0,060043;0,069952
;calc_lcof_ms;€/t;936,086083;1211,551395;967,411567;1120,766168;916,726939;1053,924274;833,551395;1025,607168;948,523228;1104,23362
;;;;;;;;;;;;
;calc_cost_el;ct/kWh;4,682079;5,396429;4,893421;6,218927;4,455334;3,837644;5,396429;5,396429;4,908882;5,700626
;calc_cost_q;ct/kWh_th;2,225791;2,418665;2,282853;2,64074;2,164569;2,318858;2,418665;2,418665;2,422993;2,62481
;calc_cost_h2;€/kg;3,622622;5;3,764664;4,427417;3,54562;4,319126;3;4,016168;3,728764;4,311321
;calc_cost_co2;€/kg;0,060914;0,064133;0,061866;0,067838;0,059892;0,060089;0,064133;0,064133;0,060043;0,069952
;calc_cost_ch3oh;€/t;936,086083;1211,551395;967,411567;1120,766168;916,726939;1053,924274;833,551395;1025,607168;948,523228;1104,23362
;;;;;;;;;;;;
;calc_maxprice;€/kg_CH3OH;0,94235;1,211551;0,967412;1,120766;0,916727;1,053924;0,833551;1,025607;0,949108;1,104234
;calc_price;€/kg_CH3OH;0,936086;1,211551;0,967412;1,120766;0,916727;1,053924;0,833551;1,025607;0,948523;1,104234
