Prozess;Variable;Einheit;Run_1;Run_2;Run_3;Run_4;Run_5;Run_6;Run_7;Run_8
;;;;;;;;;;
Inputs;capex_pem;;1000;3000;;;;;;
;capex_wkaon;;;;800;1600;;;;
;strompreis;;;;;;0,11893;0,22087;;
;h2_preis;;;;;;;;;
;wacc_change;;;;;;;;-0,02;0,02
;;;;;;;;;;
Outputs;annuity_pem;€/ kWa;101,852209;305,556626;152,778313;152,778313;152,778313;152,778313;130,776835;176,189437
;result_pem_leistung;kW;4835,418749;2708,551151;4090,056615;3453,481799;2804,784301;4349,289141;4342,593095;3341,821224
;result_pem_flowsum_elin;MWh/a;29036,9706;23646,55154;27459,49532;24891,60769;23805,2222;28099,98355;28126,53906;24797,28194
;result_pem_flowsum_h2out;kg_H2/a;580739,4121;472931,0309;549189,9063;497832,1539;476104,444;561999,671;562530,7812;495945,6389
;calc_gesamtinvest_pem;€;4835418,749;8125653,453;6135084,922;5180222,698;4207176,451;6523933,712;6513889,642;5012731,835
;calc_opex_fix_pem;€/a;145062,5625;243769,6036;184052,5477;155406,681;126215,2935;195718,0114;195416,6893;150381,9551
;calc_annuity_pem;€/a;492498,0802;827615,7523;624871,9506;527617,124;428510,2144;664477,0588;567910,5826;588793,6005
;calc_verzinstinvest_pem;€;9849961,603;16552315,05;12497439,01;10552342,48;8570204,289;13289541,18;11358211,65;11775872,01
;calc_cost_pem;€/a;637560,6426;1071385,356;808924,4983;683023,805;554725,508;860195,0701;763327,2719;739175,5555
;;;;;;;;;;
;annuity_ms;€ h/ kg a;478,698561;478,698561;478,698561;478,698561;478,698561;478,698561;399,73853;562,958849
;result_ms_flowsum_ch3ohout;kg_CH3OH/a;2500104;2500104;2500104;2500104;2500104;2500104;2500104;2500104
;result_ms_flowsum_h2in;kg_H2/a;472519,656;472519,656;472519,656;472519,656;472519,656;472519,656;472519,656;472519,656
;result_ms_flowsum_co2in;kg_CO2/a;3437643;3437643;3437643;3437643;3437643;3437643;3437643;3437643
;result_ms_flowsum_elin;MWh/a;3750,156;3750,156;3750,156;3750,156;3750,156;3750,156;3750,156;3750,156
;calc_gesamtinvest_ms;€;1458394;1458394;1458394;1458394;1458394;1458394;1458394;1458394
;calc_opex_fix_ms;€/a;72919,7;72919,7;72919,7;72919,7;72919,7;72919,7;72919,7;72919,7
;calc_annuity_ms;€/a;136620,5693;136620,5693;136620,5693;136620,5693;136620,5693;136620,5693;114085,3765;160668,4555
;calc_verzinstinvest_ms;€;3415514,232;3415514,232;3415514,232;3415514,232;3415514,232;3415514,232;2852134,412;4016711,387
;calc_cost_ms;€/a;209540,2693;209540,2693;209540,2693;209540,2693;209540,2693;209540,2693;187005,0765;233588,1555
;;;;;;;;;;
;annuity_hp;€/ kW_th a;56,169811;56,169811;56,169811;56,169811;56,169811;56,169811;47,050995;66,075048
;result_hp_leistung;kW_el;101,226195;171,366121;137,120456;158,017834;101,588933;153,34591;152,826403;134,3047
;result_hp_flowsum_elin;MWh_el/a;862,476322;893,273397;876,951322;881,408549;862,03444;885,491286;885,963814;875,762935
;result_hp_flowsum_qout;MWh_th/a;3194356,748;3308419,989;3247967,86;3264476,108;3192720,148;3279597,357;3281347,46;3243566,425
;calc_gesamtinvest_hp;€;262438,2832;444282,5359;355497,4795;409675,8672;263378,7158;397563,4693;396216,5996;348197,37
;calc_opex_fix_hp;€/a;5248,765664;8885,650717;7109,94959;8193,517344;5267,574315;7951,269385;7924,331992;6963,947399
;calc_annuity_hp;€/a;21058,72682;35650,38012;28526,0375;32873,4515;21134,18956;31901,52135;26631,9791;32867,36849
;calc_verzinstinvest_hp;€;421174,5364;713007,6024;570520,7499;657469,0299;422683,7913;638030,4269;532639,582;657347,3697
;calc_cost_hp;€/a;26307,49249;44536,03084;35635,98709;41066,96884;26401,76388;39852,79073;34556,31109;39831,31589
;;;;;;;;;;
;annuity_mea;€ h/ kg a;153,633198;153,633198;153,633198;153,633198;153,633198;153,633198;128,291818;180,675638
;result_mea_leistung;kW_el;78,485;78,485;78,485;78,485;78,485;78,485;78,485;78,485
;result_mea_flowsum_elin;MWh/a;687,5286;687,5286;687,5286;687,5286;687,5286;687,5286;687,5286;687,5286
;result_mea_flowsum_qin;MWh_th/a;3190132,704;3190132,704;3190132,704;3190132,704;3190132,704;3190132,704;3190132,704;3190132,704
;result_mea_flowsum_biogasin;kg_Biogas/a;8594107,5;8594107,5;8594107,5;8594107,5;8594107,5;8594107,5;8594107,5;8594107,5
;result_mea_flowsum_co2out;kg_CO2/a;3437643;3437643;3437643;3437643;3437643;3437643;3437643;3437643
;calc_gesamtinvest_mea;€;643577;643577;643577;643577;643577;643577;643577;643577
;calc_opex_fix_mea;€/a;25743,08;25743,08;25743,08;25743,08;25743,08;25743,08;25743,08;25743,08
;calc_opex_var_mea;€/a;5156,4645;5156,4645;5156,4645;5156,4645;5156,4645;5156,4645;5156,4645;5156,4645
;calc_annuity_mea;€/a;60289,50759;60289,50759;60289,50759;60289,50759;60289,50759;60289,50759;50344,91663;70901,6374
;calc_verzinstinvest_mea;€;1507237,69;1507237,69;1507237,69;1507237,69;1507237,69;1507237,69;1258622,916;1772540,935
;calc_cost_mea;€/a;91189,05209;91189,05209;91189,05209;91189,05209;91189,05209;91189,05209;81244,46113;101801,1819
;;;;;;;;;;
;annuity_h2s;€ / kg a;39,318868;39,318868;39,318868;39,318868;39,318868;39,318868;32,935697;46,252534
;result_h2s_kapa;kg;2415,732864;17,552462;1802,129531;1150,724617;80,809906;2568,468335;2062,887901;999,583465
;result_h2s_flowsum_in;kg_H2/a;91094,56874;876,566646;73341,72507;43622,74945;5650,305535;84546,61333;80754,42801;39644,8007
;result_h2s_flowsum_out;kg_H2/a;63170,63213;608,076365;50864,08255;30255,14817;3920,078384;58624,46606;56001,04191;27496,71999
;calc_gesamtinvest_h2s;€;1183709,103;8600,706259;883043,4701;563855,0624;39596,85383;1258549,484;1010815,072;489795,898
;calc_opex_fix_h2s;€/a;11837,09103;86,007063;8830,434701;5638,550624;395,968538;12585,49484;10108,15072;4897,95898
;calc_annuity_h2s;€/a;94983,88092;690,142922;70857,69265;45245,18901;3177,353996;100989,2667;67942,65029;46233,26783
;calc_verzinstinvest_h2s;€;1899677,618;13802,85844;1417153,853;904903,7801;63547,07992;2019785,334;1358853,006;924665,3567
;calc_cost_h2s;€/a;106820,972;776,149984;79688,12735;50883,73963;3573,322534;113574,7615;78050,80101;51131,22681
;;;;;;;;;;
;annuity_qs;€/ kWh_th a;0,184096;0,184096;0,184096;0,184096;0,184096;0,184096;0,144385;0,22806
;result_qs_kapa;kWh_th;1542,065963;32067,7209;16674,03335;24681,78321;964,887225;25794,2924;25374,11347;13797,76616
;result_qs_flowsum_in;kWh_th/a;58944,42796;1013445,248;686583,6551;893466,3613;47641,66268;975385,1753;980323,7359;881836,8396
;result_qs_flowsum_out;kWh_th/a;54720,38426;917568,952;630526,3946;819735,471;45054,21857;887044,1924;892880,4623;828433,6195
;calc_gesamtinvest_qs;€;4364,046675;90751,65013;47187,51439;69849,44649;2730,630845;72997,84748;71808,74112;39047,67822
;calc_opex_fix_qs;€/a;130,9214;2722,549504;1415,625432;2095,483395;81,918925;2189,935425;2154,262234;1171,430347
;calc_annuity_qs;€/a;283,887499;5903,525077;3069,615529;4543,806734;177,631455;4748,614737;3663,628785;3146,711954
;calc_verzinstinvest_qs;€;8516,62497;177105,7523;92088,46587;136314,202;5328,943655;142458,4421;109908,8635;94401,35861
;calc_cost_qs;€/a;414,808899;8626,074581;4485,240961;6639,290128;259,550381;6938,550161;5817,891018;4318,1423
;;;;;;;;;;
;annuity_bat_leistung;€/ kWa;46,552921;46,552921;46,552921;46,552921;46,552921;46,552921;40,84913;52,600966
;annuity_bat_kapa;€/ kWh a;11,63823;11,63823;11,63823;11,63823;11,63823;11,63823;10,212282;13,150242
;result_bat_kapa;kWh;0;1691,789778;0;807,811911;0;94,843844;0;0
;result_bat_leistung;kW;0;422,947444;0;201,952978;0;23,710961;0;0
;result_bat_flowsum_out;MWh/a;0;512,511897;0;265,483397;0;35,869703;0;0
;result_bat_flowsum_in;MWh/a;0;586,491527;0;303,81173;0;41,049227;0;0
;calc_gesamtinvest_bat;€;0;358659,4329;0;171256,1251;0;20106,89482;0;0
;calc_opex_fix_bat;€/a;0;4483,242911;0;2140,701564;0;251,336185;0;0
;calc_annuity_bat;€/a;0;39378,87783;0;18803,00199;0;2207,628971;0;0
;calc_verzinstinvest_bat;€;0;590683,1675;0;282045,0298;0;33114,43457;0;0
;calc_cost_bat;€/a;0;43862,12074;0;20943,70355;0;2458,965156;0;0
;;;;;;;;;;
;result_strombezug_flowsum;MWh/a;1522,179956;5328,287117;1877,084229;4292,299961;7635,013277;1187,555328;1407,028345;4567,87041
;calc_strombezug_kosten;€/a;258618,3745;905275,9811;318916,6106;729261,7635;908032,129;262295,3453;239054,1158;776081,1827
;;;;;;;;;;
;result_biogasbezug_flowsum;kg_CH4/a;8594107,5;8594107,5;8594107,5;8594107,5;8594107,5;8594107,5;8594107,5;8594107,5
;calc_biogasbezug_kosten;€/a;0;0;0;0;0;0;0;0
;;;;;;;;;;
;result_h2bezug_flowsum;kg_H2/a;;;;;;;;
;calc_h2bezug_kosten;€/a;;;;;;;;
;;;;;;;;;;
;annuity_pv;€/ kWa;81,205783;81,205783;81,205783;81,205783;81,205783;81,205783;66,019118;97,817614
;result_pv_leistung;kW;3614,742747;3353,499335;2865,097333;4390,282125;1958,778035;4210,970268;4128,187285;2955,379522
;result_pv_flowsum_generation;MWh/a;4659,663662;4322,902095;3693,316749;5659,38976;2525,005919;5428,243865;5321,53064;3809,696992
;calc_gesamtinvest_pv;€;3976217,021;3688849,269;3151607,066;4829310,338;2154655,838;4632067,294;4541006,014;3250917,475
;calc_opex_fix_pv;€/a;64487,0106;59826,42815;51113,33642;78322,63312;34944,60014;75123,70958;73646,86117;52723,97068
;calc_opex_var_pv;€/a;0;0;0;0;0;0;0;0
;calc_annuity_pv;€/a;293538,0152;272323,5394;232662,4724;356516,2977;159064,1041;341955,1379;272539,2853;289088,1721
;calc_verzinstinvest_pv;€;7338450,38;6808088,486;5816561,81;8912907,443;3976602,602;8548878,448;6813482,133;7227204,302
;calc_cost_pv;€/a;358025,0258;332149,9676;283775,8088;434838,9308;194008,7042;417078,8475;346186,1465;341812,1427
;;;;;;;;;;
;annuity_wkaon;€/ kWa;82,886016;82,886016;61,397049;122,794098;82,886016;82,886016;67,67922;99,450271
;result_wka_leistung;kW;11989,49327;9926,415062;13102,94051;8780,564251;8616,472479;12293,35226;12198,70245;10006,81137
;result_wka_flowsum_generation;MWh/a;35003,58937;28980,38715;38254,32308;25635,0505;25155,98097;35890,71237;35614,38017;29215,10593
;calc_gesamtinvest_wka;€;12948652,73;10720528,27;10482352,41;14048902,8;9305790,277;13276820,44;13174598,64;10807356,27
;calc_opex_fix_wkaon;€/a;152026,7746;125866,943;166145,2856;111337,5547;109256,871;155879,7066;154679,547;126886,3681
;calc_opex_var_wkaon;€/a;175017,9468;144901,9358;191271,6154;128175,2525;125779,9048;179453,5618;178071,9008;146075,5297
;calc_annuity_wka;€/a;993761,3288;822760,9959;804481,8772;1078201,463;714185,0742;1018946,99;825598,6697;995180,1012
;calc_verzinstinvest_wka;€;24844033,22;20569024,9;20112046,93;26955036,57;17854626,86;25473674,74;20639966,74;24879502,53
;calc_cost_wkaon;€/a;1320806,05;1093529,875;1161898,778;1317714,27;949221,8501;1354280,258;1158350,118;1268141,999
;;;;;;;;;;
;result_stromverkauf_flowsum;MWh/a;6848,301458;9580,087196;11050,59282;5337,711049;6211,058921;9078,172599;8892,751677;7481,943854
;calc_einnahmen_stromverkauf;€/a;0;0;0;0;0;0;0;0
;;;;;;;;;;
;result_qverkauf_flowsum;MWh_th/a;0;22410,98953;1777,895945;612,513371;0;1123,669701;3771,482339;30,500938
;calc_einnnahmen_qverkauf;€/a;0;0;0;0;0;0;0;0
;;;;;;;;;;
;result_h2verkauf_flowsum;kg_H2/a;80295,81948;142,88458;54192,60782;11944,89657;1854,560846;63557,86772;65257,73908;11277,90217
;calc_einnahmen_h2verkauf;€/a;120443,7292;214,32687;81288,91173;17917,34486;2781,841269;95336,80158;97886,60862;16916,85326
;;;;;;;;;;
;result_ch3ohverkauf_flowsum;kg_CH3OH/a;2500104;2500104;2500104;2500104;2500104;2500104;2500104;2500104
;calc_einnahmen_ch3ohverkauf;€/a;1500062,4;1500062,4;1500062,4;1500062,4;1500062,4;1500062,4;1500062,4;1500062,4
;;;;;;;;;;
;calc_verzinstinvest_gesamt;€;49284565,9;50346779,73;45428562,74;53323770,46;35815745,48;55068234,92;44923819,31;51348245,25
;calc_gesamtinvest;€;25312770,93;25539296,31;23156743,86;27375043,34;18075299,77;28284010,14;27810305,71;22050017,53
;;;;;;;;;;
;calc_opex_gesamt;€/a;916248,6916;1599637,586;1032674,65;1324391,382;1413793,505;995267,615;964875,1035;1369001,587
;calc_annuity_gesamt;€/a;2093033,996;2201233,29;1961379,723;2260710,411;1523158,645;2362136,295;1928717,089;2186879,315
;calc_einnahmen_gesamt;€/a;1620506,129;1500276,727;1581351,312;1517979,745;1502844,241;1595399,202;1597949,009;1516979,253
;calc_ausgaben_gesamt;€/a;3009282,688;3800870,877;2994054,373;3585101,793;2936952,149;3357403,91;2893592,192;3555880,902
;calc_GuV;€/a;-1388776,559;-2300594,15;-1412703,061;-2067122,048;-1434107,908;-1762004,708;-1295643,184;-2038901,649
;calc_cost_gesamt;€/a;3009282,688;3800870,877;2994054,373;3585101,793;2936952,149;3357403,91;2893592,192;3555880,902
;;;;;;;;;;
;calc_lcoe_wka;ct/kWh;3,773345;3,773345;3,037301;5,140283;3,773345;3,773345;3,252479;4,340706
;calc_lcoe_pv;ct/kWh;7,683495;7,683495;7,683495;7,683495;7,683495;7,683495;6,505387;8,972161
;calc_lcoe_bat;ct/kWh Speichermenge;0;8,558264;0;7,888894;0;6,85527;0;0
;calc_lcoe_mix;ct/kWh;5,642432;8,195383;5,384098;8,284345;7,047816;6,091924;5,212498;7,924203
;calc_lcoh_hp;ct/kWh_th;2,347018;3,558895;2,550884;3,494769;2,729847;2,859993;2,460488;3,367545
;calc_lcoh_qs;ct/kWh_th;0,758052;0,940101;0,711349;0,809931;0,576085;0,78221;0,651587;0,521242
;calc_lcoh_q;ct/kWh_th;2,363129;3,961255;2,737728;3,784331;2,740197;3,157699;2,713212;3,559309
;calc_lcoh_h2s;€/kg Speichermenge;1,690991;1,276402;1,566688;1,681821;0,911544;1,937327;1,393738;1,859539
;calc_lcoh_pem;€/kg;3,919059;6,363107;4,16499;5,514169;4,689042;4,576559;3,963201;5,452538
;calc_lcoh_h2;€/kg;4,787799;6,369836;4,837407;5,879325;4,726291;5,481809;4,67618;5,795266
;calc_lcon_mea;€/kg;0,059741;0,079678;0,062701;0,078214;0,066051;0,068014;0,059237;0,078492
;calc_lcof_ms;€/t;1155,487515;1520,19938;1165,057718;1426,814424;1173,619301;1304,772565;1118,235715;1415,526734
;;;;;;;;;;
;calc_cost_el;ct/kWh;5,642432;8,195383;5,384098;8,284345;7,047816;6,091924;5,212498;7,924203
;calc_cost_q;ct/kWh_th;2,363129;3,961255;2,737728;3,784331;2,740197;3,157699;2,713212;3,559309
;calc_cost_h2;€/kg;4,787799;6,369836;4,837407;5,879325;4,726291;5,481809;4,67618;5,795266
;calc_cost_co2;€/kg;0,059741;0,079678;0,062701;0,078214;0,066051;0,068014;0,059237;0,078492
;calc_cost_ch3oh;€/t;1155,487515;1520,19938;1165,057718;1426,814424;1173,619301;1304,772565;1118,235715;1415,526734
;;;;;;;;;;
;calc_maxprice;€/kg_CH3OH;1,203663;1,520285;1,197572;1,433981;1,174732;1,342906;1,157389;1,422293
;calc_price;€/kg_CH3OH;1,155488;1,520199;1,165058;1,426814;1,173619;1,304773;1,118236;1,415527
