Variable;Ammoniak_Brownfield_H2_Hoechst;Ammoniak_Brownfield_H2_N2_HB_Hoechst;Ammoniak_Brownfield_H2_N2_Hoechst;Ammoniak_Brownfield_Memmingen;Ammoniak_Brownfield_Patagonien;Ammoniak_Brownfield_Suedafrika;Ammoniak_Greenfield_Hoechst;Ammoniak_Greenfield_Leuna;Ammoniak_Greenfield_Memmingen;Ammoniak_Greenfield_Patagonien;Ammoniak_Greenfield_Suedafrika;FischerTropsch_Greenfield_Patagonien;FischerTropsch_Naphta_Bio_Brownfield_Leuna;FischerTropsch_Naphta_Bio_H2_Brownfield_Leuna;FischerTropsch_Naphta_Bio_H2_FT_Brownfield_Leuna;FischerTropsch_Naphta_Brownfield_Patagonien;FischerTropsch_Naphta_Brownfield_Suedafrika;FischerTropsch_Naphta_Greenfield_Hoechst;FischerTropsch_Naphta_Greenfield_Leuna;FischerTropsch_Naphta_Greenfield_Memmingen;FischerTropsch_Naphta_Greenfield_Patagonien;FischerTropsch_Naphta_Greenfield_Suedafrika;Methanol_Bio_Brownfield_Hoechst;Methanol_Bio_Brownfield_Leuna;Methanol_Bio_Brownfield_Memmingen;Methanol_Bio_H2_Brownfield_Hoechst;Methanol_Bio_H2_Brownfield_Leuna;Methanol_Bio_H2_Brownfield_Memmingen;Methanol_Bio_H2_Methanolreaktor_Brownfield_Leuna;Methanol_DAC_Brownfield_Patagonien;Methanol_DAC_Brownfield_Suedafrika;Methanol_DAC_Greenfield_Hoechst;Methanol_DAC_Greenfield_Leuna;Methanol_DAC_Greenfield_Memmingen;Methanol_DAC_Greenfield_Patagonien;Methanol_DAC_Greenfield_Suedafrika
annuity_pem;101,85;101,85;101,85;101,85;101,85;101,85;101,85;101,85;101,85;101,85;101,85;101,85;101,85;101,85;101,85;101,85;101,85;101,85;101,85;101,85;101,85;101,85;101,85;101,85;101,85;101,85;101,85;101,85;101,85;101,85;101,85;101,85;101,85;101,85;101,85;101,85
result_pem_leistung;2739,06;2739,06;2739,06;4504,53;3841,37;4267,88;4498,62;4769,83;4684,25;4561,07;8709,39;41182,55;20305,02;14415,99;14415,99;17284,91;18326,75;21438,57;30759,31;19179,64;41182,55;53630,86;4824,91;4814,99;4788,52;2887,13;3342,47;2831,58;3342,47;4175,88;4619,42;4919,23;5223,34;5129,62;4949,32;9642,31
result_pem_flowsum_elin;14548,52;14548,52;14548,52;26602,89;27388,92;25660,01;28254,1;29945,76;29123,29;32836,87;55656,04;295349,28;108834,91;69284,93;69284,93;113765,23;97203,68;143478,41;202104,84;130105,14;295349,28;347487,64;29014,39;29310,55;28263,69;15320,12;18130,06;13644,95;18130,06;29540,41;27419,86;30465,52;32327,14;31420,01;35417,43;61183,2
result_pem_flowsum_h2out;290970,44;290970,44;290970,44;532057,85;547778,32;513200,13;565082,1;598915,14;582465,79;656737,46;1113120,73;5906985,56;2176698,15;1385698,63;1385698,63;2275304,6;1944073,52;2869568,13;4042096,74;2602102,76;5906985,56;6949752,7;580287,86;586211,03;565273,7;306402,45;362601,12;272899,01;362601,12;590808,22;548397,22;609310,42;646542,74;628400,2;708348,69;1223663,98
calc_gesamtinvest_pem;2739061,21;2739061,21;2739061,21;4504533,16;3841371,28;4267884,28;4498619,29;4769826,06;4684253,66;4561068,22;8709388,44;41182554,82;20305022,75;14415990,52;14415990,52;17284906,01;18326745,04;21438570,82;30759306,22;19179636,98;41182554,82;53630856,95;4824908,32;4814988,21;4788522,47;2887127,9;3342471,14;2831583,54;3342471,14;4175875,14;4619417,83;4919229,22;5223337,09;5129620,23;4949322,33;9642314,96
calc_opex_fix_pem;82171,84;82171,84;82171,84;135135,99;115241,14;128036,53;134958,58;143094,78;140527,61;136832,05;261281,65;1235476,64;609150,68;432479,72;432479,72;518547,18;549802,35;643157,12;922779,19;575389,11;1235476,64;1608925,71;144747,25;144449,65;143655,67;86613,84;100274,13;84947,51;100274,13;125276,25;138582,53;147576,88;156700,11;153888,61;148479,67;289269,45
calc_annuity_pem;278979,43;278979,43;278979,43;458796,65;391252,15;434693,44;458194,31;485817,32;477101,58;464554,87;887070,45;4194534,17;2068111,42;1468300,48;1468300,48;1760505,86;1866619,46;2183565,79;3132903,28;1953488,39;4194534,17;5462421,24;491427,57;490417,18;487721,59;294060,35;340438,07;288403,04;340438,07;425322,11;470497,91;501034,36;532008,42;522463,15;504099,41;982091,08
calc_verzinstinvest_pem;5579588,68;5579588,68;5579588,68;9175933,05;7825042,99;8693868,83;9163886,23;9716346,41;9542031,65;9291097,45;17741409,0;83890683,46;41362228,34;29366009,54;29366009,54;35210117,12;37332389,25;43671315,84;62658065,6;39069767,82;83890683,46;109248424,83;9828551,39;9808343,7;9754431,8;5881207,07;6808761,38;5768060,76;6808761,38;8506442,13;9409958,18;10020687,24;10640168,41;10449263,01;10081988,23;19641821,54
calc_cost_pem;361151,27;361151,27;361151,27;593932,65;506493,29;562729,97;593152,89;628912,1;617629,19;601386,92;1148352,1;5430010,82;2677262,1;1900780,19;1900780,19;2279053,04;2416421,81;2826722,92;4055682,47;2528877,5;5430010,82;7071346,95;636174,82;634866,83;631377,26;380674,19;440712,2;373350,54;440712,2;550598,36;609080,44;648611,24;688708,53;676351,76;652579,08;1271360,53
;;;;;;;;;;;;;;;;;;;;;;;;;;;;;;;;;;;;
annuity_hb;849,67;0,0;849,67;849,67;849,67;849,67;849,67;849,67;849,67;849,67;849,67;;;;;;;;;;;;;;;;;;;;;;;;;
result_hb_flowsum_nh3out;2500104,0;2500104,0;2500104,0;2500104,0;2500104,0;2500104,0;2500104,0;2500104,0;2500104,0;2500104,0;2500104,0;;;;;;;;;;;;;;;;;;;;;;;;;
result_hb_flowsum_h2in;445018,51;445018,51;445018,51;445018,51;445018,51;445018,51;445018,51;445018,51;445018,51;445018,51;445018,51;;;;;;;;;;;;;;;;;;;;;;;;;
result_hb_flowsum_n2in;2055085,49;2055085,49;2055085,49;2055085,49;2055085,49;2055085,49;2055085,49;2055085,49;2055085,49;2055085,49;2055085,49;;;;;;;;;;;;;;;;;;;;;;;;;
result_hb_flowsum_elin;4500,19;4500,19;4500,19;4500,19;4500,19;4500,19;4500,19;4500,19;4500,19;4500,19;4500,19;;;;;;;;;;;;;;;;;;;;;;;;;
calc_gesamtinvest_hb;2588578,0;0,0;2588578,0;2588578,0;2588578,0;2588578,0;2588578,0;2588578,0;2588578,0;2588578,0;2588578,0;;;;;;;;;;;;;;;;;;;;;;;;;
calc_opex_fix_hb;129428,9;0,0;129428,9;129428,9;129428,9;129428,9;129428,9;129428,9;129428,9;129428,9;129428,9;;;;;;;;;;;;;;;;;;;;;;;;;
calc_annuity_hb;242494,83;0,0;242494,83;242494,83;242494,83;242494,83;242494,83;242494,83;242494,83;242494,83;242494,83;;;;;;;;;;;;;;;;;;;;;;;;;
calc_verzinstinvest_hb;6062370,66;0,0;6062370,66;6062370,66;6062370,66;6062370,66;6062370,66;6062370,66;6062370,66;6062370,66;6062370,66;;;;;;;;;;;;;;;;;;;;;;;;;
calc_cost_hb;371923,73;0,0;371923,73;371923,73;371923,73;371923,73;371923,73;371923,73;371923,73;371923,73;371923,73;;;;;;;;;;;;;;;;;;;;;;;;;
annuity_asu;186,42;186,42;186,42;186,42;186,42;186,42;186,42;186,42;186,42;186,42;186,42;;;;;;;;;;;;;;;;;;;;;;;;;
result_asu_leistung;56,3;56,3;56,3;56,3;56,3;56,3;56,3;56,3;56,3;56,3;56,3;;;;;;;;;;;;;;;;;;;;;;;;;
result_asu_flowsum_elin;493,22;493,22;493,22;493,22;493,22;493,22;493,22;493,22;493,22;493,22;493,22;;;;;;;;;;;;;;;;;;;;;;;;;
result_asu_flowsum_n2out;2055085,49;2055085,49;2055085,49;2055085,49;2055085,49;2055085,49;2055085,49;2055085,49;2055085,49;2055085,49;2055085,49;;;;;;;;;;;;;;;;;;;;;;;;;
calc_gesamtinvest_asu;466851,61;466851,61;466851,61;466851,61;466851,61;466851,61;466851,61;466851,61;466851,61;466851,61;466851,61;;;;;;;;;;;;;;;;;;;;;;;;;
calc_opex_fix_asu;23342,58;23342,58;23342,58;23342,58;23342,58;23342,58;23342,58;23342,58;23342,58;23342,58;23342,58;;;;;;;;;;;;;;;;;;;;;;;;;
calc_annuity_asu;43734,09;43734,09;43734,09;43734,09;43734,09;43734,09;43734,09;43734,09;43734,09;43734,09;43734,09;;;;;;;;;;;;;;;;;;;;;;;;;
calc_verzinstinvest_asu;1093352,23;1093352,23;1093352,23;1093352,23;1093352,23;1093352,23;1093352,23;1093352,23;1093352,23;1093352,23;1093352,23;;;;;;;;;;;;;;;;;;;;;;;;;
calc_cost_asu;67076,67;67076,67;67076,67;67076,67;67076,67;67076,67;67076,67;67076,67;67076,67;67076,67;67076,67;;;;;;;;;;;;;;;;;;;;;;;;;
annuity_h2s;39,32;39,32;39,32;39,32;39,32;39,32;39,32;39,32;39,32;39,32;39,32;39,32;39,32;39,32;39,32;39,32;39,32;39,32;39,32;39,32;39,32;39,32;39,32;39,32;39,32;39,32;39,32;39,32;39,32;39,32;39,32;39,32;39,32;39,32;39,32;39,32
result_h2s_kapa;107,49;107,49;107,49;1544,2;1196,36;1177,41;7383,02;6015,13;5764,76;3449,52;1837,91;10593,8;12194,95;3186,9;3186,9;5980,43;5949,33;16018,34;13337,09;20990,8;10593,8;7217,89;2403,75;2317,06;1642,57;100,61;337,25;73,96;337,25;1324,78;1309,56;8202,3;6682,33;6430,85;3794,36;1989,53
result_h2s_flowsum_in;8058,13;8058,13;8058,13;86378,86;59727,79;106370,83;90574,53;77158,08;91267,95;51165,12;62071,01;68286,32;476562,27;226755,96;226755,96;317056,25;554755,64;151290,04;126640,55;175830,22;68286,32;93261,26;90957,77;89226,28;91582,39;7612,12;25553,46;5493,08;25553,46;65968,66;118158,53;100589,74;86761,99;103006,4;57443,36;70211,05
result_h2s_flowsum_out;5590,71;5590,71;5590,71;59912,95;41426,19;73787,19;62729,27;53465,58;63239,69;35478,45;43063,61;47362,22;330476,02;157305,64;157305,64;219919,07;384821,87;104884,04;87823,92;121870,52;47362,22;64700,44;63075,89;61876,05;63521,93;5281,28;17728,04;3811,1;17728,04;45754,89;81963,72;69665,43;60120,82;71374,2;39831,89;48711,11
calc_gesamtinvest_h2s;52668,45;52668,45;52668,45;756656,93;586214,43;576929,29;3617678,86;2947412,82;2824732,08;1690264,94;900575,72;5190960,15;5975523,45;1561582,95;1561582,95;2930413,04;2915170,79;7848985,39;6535176,38;10285493,96;5190960,15;3536763,73;1177835,09;1135357,36;804857,47;49297,04;165251,84;36241,88;165251,84;649143,37;641685,03;4019127,92;3274341,72;3151118,28;1859238,39;974869,3
calc_opex_fix_h2s;526,68;526,68;526,68;7566,57;5862,14;5769,29;36176,79;29474,13;28247,32;16902,65;9005,76;51909,6;59755,23;15615,83;15615,83;29304,13;29151,71;78489,85;65351,76;102854,94;51909,6;35367,64;11778,35;11353,57;8048,57;492,97;1652,52;362,42;1652,52;6491,43;6416,85;40191,28;32743,42;31511,18;18592,38;9748,69
calc_annuity_h2s;4226,25;4226,25;4226,25;60716,11;47039,36;46294,3;290291,91;236508,03;226663,81;135631,23;72264,53;416536,07;479491,46;125305,46;125305,46;235143,92;233920,85;629822,89;524399,46;825334,65;416536,07;283799,07;94512,53;91104,01;64583,85;3955,72;13260,24;2908,14;13260,24;52088,94;51490,47;322505,22;262741,65;252853,88;149190,1;78226,04
calc_verzinstinvest_h2s;84525,05;84525,05;84525,05;1214322,19;940787,25;925885,98;5805838,22;4730160,6;4533276,21;2712624,64;1445290,51;8330721,45;9589829,23;2506109,11;2506109,11;4702878,48;4678416,93;12596457,88;10487989,2;16506692,92;8330721,45;5675981,43;1890250,7;1822080,24;1291676,91;79114,44;265204,71;58162,84;265204,71;1041778,87;1029809,34;6450104,45;5254833,01;5057077,67;2983801,97;1564520,7
calc_cost_h2s;4752,94;4752,94;4752,94;68282,68;52901,51;52063,59;326468,7;265982,16;254911,13;152533,88;81270,28;468445,67;539246,7;140921,29;140921,29;264448,05;263072,55;708312,75;589751,22;928189,59;468445,67;319166,71;106290,89;102457,59;72632,42;4448,69;14912,75;3270,56;14912,75;58580,38;57907,32;362696,5;295485,07;284365,07;167782,48;87974,73
annuity_bat_leistung;55,74;55,74;55,74;55,74;55,74;55,74;55,74;55,74;55,74;55,74;55,74;55,74;55,74;55,74;55,74;55,74;55,74;55,74;55,74;55,74;55,74;55,74;55,74;55,74;55,74;55,74;55,74;55,74;55,74;55,74;55,74;55,74;55,74;55,74;55,74;55,74
annuity_bat_kapa;13,94;13,94;13,94;13,94;13,94;13,94;13,94;13,94;13,94;13,94;13,94;13,94;13,94;13,94;13,94;13,94;13,94;13,94;13,94;13,94;13,94;13,94;13,94;13,94;13,94;13,94;13,94;13,94;13,94;13,94;13,94;13,94;13,94;13,94;13,94;13,94
result_bat_kapa;0,0;0,0;0,0;0,0;0,0;0,0;2832,09;4132,31;4303,96;8797,16;5348,6;198122,11;0,0;0,0;0,0;0,0;0,0;198341,84;183975,66;231219,36;198122,11;134466,98;0,0;0,0;0,0;0,0;0,0;0,0;0,0;0,0;0,0;3032,69;4415,92;4576,05;9587,36;5851,33
result_bat_leistung;0,0;0,0;0,0;0,0;0,0;0,0;708,02;1033,08;1075,99;2199,29;1337,15;49530,53;0,0;0,0;0,0;0,0;0,0;49585,46;45993,91;57804,84;49530,53;33616,75;0,0;0,0;0,0;0,0;0,0;0,0;0,0;0,0;0,0;758,17;1103,98;1144,01;2396,84;1462,83
result_bat_flowsum_out;0,0;0,0;0,0;0,0;0,0;0,0;751,23;927,5;967,33;1060,9;1402,46;15767,22;0,0;0,0;0,0;0,0;0,0;21006,89;20204,79;25220,82;15767,22;26780,45;0,0;0,0;0,0;0,0;0,0;0,0;0,0;-0,0;0,0;811,46;1014,22;1043,37;1167,43;1540,73
result_bat_flowsum_in;0,0;0,0;0,0;0,0;0,0;0,0;859,76;1061,63;1107,15;1214,97;1605,09;18085,15;0,0;0,0;0,0;-0,0;-0,0;24072,12;23149,13;28900,6;18081,17;30659,25;0,0;0,0;0,0;0,0;0,0;0,0;0,0;-0,0;0,0;928,72;1160,91;1194,22;1337,01;1763,37
calc_gesamtinvest_bat;0,0;0,0;0,0;0,0;0,0;0,0;600402,63;876049,06;912439,48;1864998,6;1133902,9;42001886,49;0,0;0,0;0,0;0,0;0,0;42048469,92;39002839,0;49018504,55;42001886,49;28507000,73;0,0;0,0;0,0;0,0;0,0;0,0;0,0;0,0;0,0;642931,0;936175,21;970122,55;2032521,37;1240481,15
calc_opex_fix_bat;0,0;0,0;0,0;0,0;0,0;0,0;7505,03;10950,61;11405,49;23312,48;14173,79;525023,58;0,0;0,0;0,0;0,0;0,0;525605,87;487535,49;612731,31;525023,58;356337,51;0,0;0,0;0,0;0,0;0,0;0,0;0,0;0,0;0,0;8036,64;11702,19;12126,53;25406,52;15506,01
calc_annuity_bat;0,0;0,0;0,0;0,0;0,0;0,0;78937,2;115177,48;119961,86;245198,41;149078,5;5522146,65;0,0;0,0;0,0;0,0;0,0;5528271,15;5127850,55;6444647,93;5522146,65;3747923,05;0,0;0,0;0,0;0,0;0,0;0,0;0,0;0,0;0,0;84528,57;123082,49;127545,68;267223,26;163090,74
calc_verzinstinvest_bat;0,0;0,0;0,0;0,0;0,0;0,0;1184058,03;1727662,17;1799427,97;3677976,15;2236177,44;82832199,79;0,0;0,0;0,0;0,0;0,0;82924067,29;76917758,29;96669718,96;82832199,79;56218845,81;0,0;0,0;0,0;0,0;0,0;0,0;0,0;0,0;0,0;1267928,51;1846237,35;1913185,14;4008348,92;2446361,12
calc_cost_bat;0,0;0,0;0,0;0,0;0,0;0,0;86442,23;126128,09;131367,36;268510,89;163252,28;6047170,23;0,0;0,0;0,0;0,0;0,0;6053877,03;5615386,04;7057379,24;6047170,23;4104260,56;0,0;0,0;0,0;0,0;0,0;0,0;0,0;0,0;0,0;92565,2;134784,68;139672,21;292629,78;178596,76
result_strombezug_flowsum;119,87;119,87;119,87;2290,11;1072,85;2797,35;0,0;0,0;0,0;0,0;0,0;0,0;14917,64;9874,36;9874,36;10513,4;27344,79;0,0;0,0;0,0;0,0;0,0;1518,23;1740,01;2407,18;84,19;138,46;157,15;138,46;1194,24;3182,0;0,0;0,0;0,0;0,0;0,0
calc_strombezug_kosten;20366,25;20366,25;20366,25;389090,35;125845,85;260153,67;0,0;0,0;0,0;0,0;0,0;0,0;2534507,25;1677653,79;1677653,79;1233222,37;2543065,22;0,0;0,0;0,0;0,0;0,0;257947,62;295627,63;408980,39;14303,38;23524,02;26699,77;23524,02;140084,35;295925,82;0,0;0,0;0,0;0,0;0,0
annuity_pv;80,41;80,41;80,41;80,41;80,41;80,41;80,41;80,41;80,41;80,41;80,41;80,41;80,41;80,41;80,41;80,41;80,41;80,41;80,41;80,41;80,41;80,41;80,41;80,41;80,41;80,41;80,41;80,41;80,41;80,41;80,41;80,41;80,41;80,41;80,41;80,41
result_pv_leistung;1097,42;1097,42;1097,42;4313,73;0,0;0,0;5339,6;4492,03;3904,01;887,7;317,33;22173,29;14556,0;10776,4;10776,4;0,0;0,0;37074,09;19639,57;36156,89;22173,29;16709,88;3666,8;2167,21;4586,81;1133,46;174,24;1350,65;174,24;0,0;0,0;6029,06;5126,06;4412,2;960,81;309,76
result_pv_flowsum_generation;1414,65;1414,65;1414,65;5490,06;0,0;0,0;6883,12;5451,67;4968,62;971,74;557,2;24272,59;17665,63;13078,58;13078,58;0,0;0,0;47791,17;23835,21;46016,66;24272,59;29340,81;4726,77;2630,2;5837,6;1461,11;211,47;1718,97;211,47;0,0;0,0;7771,89;6221,16;5615,38;1051,77;543,91
calc_gesamtinvest_pv;1207159,8;1207159,8;1207159,8;4745101,07;0,0;0,0;5873556,06;4941228,03;4294415,69;976465,26;349063,02;24390622,11;16011602,76;11854036,28;11854036,28;0,0;0,0;40781501,86;21603528,57;39772579,9;24390622,11;18380869,14;4033484,52;2383934,95;5045486,05;1246803,92;191668,97;1485720,28;191668,97;0,0;0,0;6631962,18;5638671,45;4853416,96;1056888,34;340740,42
calc_opex_fix_pv;19577,94;19577,94;19577,94;76956,91;0,0;0,0;95258,4;80137,73;69647,61;15836,49;5661,17;395571,54;259679,08;192250,92;192250,92;0,0;0,0;661401,81;350369,95;645038,93;395571,54;298104,28;65415,79;38663,09;81828,61;20220,89;3108,52;24095,68;3108,52;0,0;0,0;107558,37;91449,0;78713,6;17140,81;5526,19
calc_opex_var_pv;0,0;0,0;0,0;0,0;0,0;0,0;0,0;0,0;0,0;0,0;0,0;0,0;0,0;0,0;0,0;0,0;0,0;0,0;0,0;0,0;0,0;0,0;0,0;0,0;0,0;0,0;0,0;0,0;0,0;0,0;0,0;0,0;0,0;0,0;0,0;0,0
calc_annuity_pv;88244,31;88244,31;88244,31;346870,54;0,0;0,0;429361,46;361207,57;313925,09;71380,36;25516,78;1782973,22;1170460,47;866539,16;866539,16;0,0;0,0;2981159,13;1579234,54;2907406,16;1782973,22;1343655,66;294850,82;174267,48;368828,91;91142,33;14011,15;108607,29;14011,15;0,0;0,0;484801,53;412191,22;354788,51;77259,35;24908,39
calc_verzinstinvest_pv;2206107,73;2206107,73;2206107,73;8671763,38;0,0;0,0;10734036,55;9030189,17;7848127,19;1784509,03;637919,38;44574330,56;29261511,69;21663479,08;21663479,08;0,0;0,0;74528978,24;39480863,56;72685153,97;44574330,56;33591391,53;7371270,47;4356686,94;9220722,7;2278558,13;350278,72;2715182,36;350278,72;0,0;0,0;12120038,31;10304780,42;8869712,75;1931483,75;622709,66
calc_cost_pv;107822,25;107822,25;107822,25;423827,45;0,0;0,0;524619,86;441345,3;383572,7;87216,85;31177,94;2178544,77;1430139,55;1058790,08;1058790,08;0,0;0,0;3642560,94;1929604,5;3552445,09;2178544,77;1641759,94;360266,6;212930,57;450657,52;111363,22;17119,67;132702,98;17119,67;0,0;0,0;592359,9;503640,22;433502,11;94400,16;30434,58
annuity_wkaon;82,89;82,89;82,89;82,89;82,89;82,89;82,89;82,89;82,89;82,89;82,89;82,89;82,89;82,89;82,89;82,89;82,89;82,89;82,89;82,89;82,89;82,89;82,89;82,89;82,89;82,89;82,89;82,89;82,89;82,89;82,89;82,89;82,89;82,89;82,89;82,89
result_wka_leistung;7713,48;7713,48;7713,48;10683,28;5024,37;6645,48;11825,41;11052,96;15171,14;5928,51;16811,26;61483,45;66163,65;55907,62;55907,62;34276,06;43110,74;99464,65;119590,95;104715,84;61483,45;116036,47;11960,77;11070,07;11348,39;8169,45;8515,61;7549,01;8515,61;5687,87;7480,83;13333,7;12423,28;17106,16;6679,8;18955,48
result_wka_flowsum_generation;22519,69;22519,69;22519,69;30697,05;32842,51;31085,16;34524,55;37188,25;43592,36;38752,54;78637,05;401895,56;222610,97;188104,04;188104,04;224050,46;201656,55;290389,25;402369,86;300887,76;401895,56;542776,93;34919,72;37245,8;32608,17;23850,9;28651,21;21691,13;28651,21;37179,57;34992,62;38928,03;41798,75;49152,4;43663,51;88666,92
calc_gesamtinvest_wka;8330563,44;8330563,44;8330563,44;11537939,84;5426317,3;7177116,26;12771446,42;11937198,56;16384831,26;6402786,37;18156164,37;66402128,51;71456739,57;60380231,29;60380231,29;37018142,51;46559596,52;107421826,96;129158229,5;113093102,41;66402128,51;125319383,75;12917627,06;11955671,5;12256260,63;8823009,04;9196859,81;8152929,31;9196859,81;6142895,19;8079292,08;14400396,87;13417138,64;18474655,5;7214186,98;20471915,55
calc_opex_fix_wkaon;97806,99;97806,99;97806,99;135463,96;63708,98;84264,66;149946,24;140151,55;192370,06;75173,45;213166,82;779610,18;838955,05;708908,64;708908,64;434620,41;546644,15;1261211,82;1516413,29;1327796,79;779610,18;1471342,39;151662,51;140368,44;143897,58;103588,66;107977,95;95721,43;107977,95;72122,14;94856,87;169071,33;157527,15;216906,14;84699,9;240355,45
calc_opex_var_wkaon;112598,44;112598,44;112598,44;153485,26;164212,57;155425,8;172622,77;185941,27;217961,8;193762,72;393185,27;2009477,81;1113054,84;940520,22;940520,22;1120252,28;1008282,77;1451946,24;2011849,31;1504438,8;2009477,81;2713884,66;174598,59;186229,01;163040,84;119254,49;143256,04;108455,63;143256,04;185897,83;174963,09;194640,16;208993,74;245762,01;218317,53;443334,59
calc_annuity_wka;639340,01;639340,01;639340,01;885494,32;416449,83;550817,2;980161,4;916135,95;1257475,35;491390,23;1393418,64;5096118,4;5484041,15;4633960,01;4633960,01;2841005,88;3573277,27;8244228,93;9912417,64;8679478,4;5096118,4;9617800,39;991380,22;917553,68;940622,79;677133,4;705825,06;625707,25;705825,06;471444,54;620055,86;1105177,34;1029715,89;1417861,66;553662,24;1571144,0
calc_verzinstinvest_wka;15983500,3;15983500,3;15983500,3;22137357,97;10411245,87;13770429,9;24504034,96;22903398,82;31436883,87;12284755,85;34835465,91;127402960,06;137101028,86;115849000,15;115849000,15;71025146,89;89331931,8;206105723,37;247810441,07;216986960,08;127402960,06;240445009,82;24784505,57;22938842,06;23515569,73;16928334,88;17645626,57;15642681,19;17645626,57;11786113,61;15501396,55;27629433,4;25742897,34;35446541,39;13841555,93;39278599,92
calc_cost_wkaon;849745,44;849745,44;849745,44;1174443,54;644371,39;790507,66;1302730,41;1242228,77;1667807,21;760326,41;1999770,73;7885206,39;7436051,04;6283388,87;6283388,87;4395878,57;5128204,19;10957386,99;13440680,24;11511713,99;7885206,39;13803027,45;1317641,33;1244151,13;1247561,2;899976,54;957059,05;829884,3;957059,05;729464,51;889875,83;1468888,83;1396236,78;1880529,81;856679,67;2254834,04
result_stromverkauf_flowsum;4512,28;4512,28;4512,28;6880,92;1533,05;3229,1;8051,64;7566,63;14304,45;1739,93;18342,18;19135,45;43360,64;38670,58;38670,58;11454,54;22469,4;82283,04;111744,6;103762,14;19139,44;111415,94;6850,16;7004,52;7288,45;4769,96;5560,74;4613,49;5560,74;1735,49;3658,7;9015,41;8447,8;16098,22;2023,88;20704,59
calc_einnahmen_stromverkauf_schattenvariable;451,23;451,23;451,23;688,09;153,3;322,91;805,16;756,66;1430,45;173,99;1834,22;1913,55;4336,06;3867,06;3867,06;1145,45;2246,94;8228,3;11174,46;10376,21;1913,94;11141,59;685,02;700,45;728,85;477,0;556,07;461,35;556,07;173,55;365,87;901,54;844,78;1609,82;202,39;2070,46
calc_einnahmen_stromverkauf;0,0;0,0;0,0;0,0;0,0;0,0;0,0;0,0;0,0;0,0;0,0;0,0;0,0;0,0;0,0;0,0;0,0;0,0;0,0;0,0;0,0;0,0;0,0;0,0;0,0;0,0;0,0;0,0;0,0;0,0;0,0;0,0;0,0;0,0;0,0;0,0
result_h2verkauf_flowsum;4030,33;4030,33;4030,33;60573,43;84458,21;35597,98;92218,33;130204,14;109419,02;196032,28;649094,83;4310995,94;455546,37;188827,77;188827,77;603101,9;199074,24;1248096,61;2428214,59;973077,54;4310995,94;5346126,36;79886,32;86341,15;64693,59;3872,19;19750,66;1834,87;19750,66;98074,79;39682,75;105866,47;147381,92;124248,34;218217,57;729644,38
calc_einnahmen_h2verkauf;6045,49;6045,49;6045,49;90860,15;126687,31;53396,97;138327,5;195306,2;164128,53;294048,42;973642,24;6466493,91;683319,56;283241,65;283241,65;904652,85;298611,36;1872144,92;3642321,89;1459616,3;6466493,91;8019189,54;119829,48;129511,72;97040,38;5808,28;29626,0;2752,3;29626,0;147112,18;59524,13;158799,7;221072,88;186372,52;327326,35;1094466,57
result_nh3verkauf_flowsum;2500104,0;2500104,0;2500104,0;2500104,0;2500104,0;2500104,0;2500104,0;2500104,0;2500104,0;2500104,0;2500104,0;;;;;;;;;;;;;;;;;;;;;;;;;
calc_einnahmen_nh3verkauf;2000083,2;2000083,2;2000083,2;2000083,2;2000083,2;2000083,2;2000083,2;2000083,2;2000083,2;2000083,2;2000083,2;;;;;;;;;;;;;;;;;;;;;;;;;
calc_verzinstinvest_gesamt;31009444,66;24947073,99;31009444,66;48355099,47;26332799,0;30545907,59;58547576,87;55263480,05;62315469,78;36906686,02;64051985,13;367815461,3;225829801,2;178491830,52;177177171,16;131578578,14;151962230,38;440544185,51;458632483,74;462615110,25;367815461,3;465711556,94;49227021,21;44290380,38;49148665,65;30574306,18;30502872,55;29628157,98;27087358,32;30103210,44;34705304,22;66353039,51;62593360,79;70536424,76;41688154,26;72374636,81
calc_gesamtinvest;15384882,51;12796304,51;15384882,51;24599660,61;12909332,62;15077359,44;30417132,87;28527144,14;32156101,79;18551013,01;32304524,05;191674955,04;117870944,84;92681672,77;91985296,77;69692852,77;80256672,17;232009927,77;239826462,34;243820909,8;191674955,04;241746504,72;25322628,32;22665572,4;25272058,33;15407507,41;15312300,98;14929901,76;13853906,98;15687476,43;18058024,55;35385194,63;33226529,44;37313843,51;21867956,71;37415266,79
calc_opex_gesamt;1288548,71;1159119,81;1288548,71;1050470,53;627642,17;786421,44;749239,29;742521,56;812931,37;614591,33;1049245,94;5548548,43;5568979,92;6367465,19;6367465,19;3884514,61;5225021,59;5172313,97;5913141,66;5318123,61;5548548,43;7031707,2;915349,04;926055,99;1058834,77;1315996,31;1177545,93;1466374,9;1177545,93;750542,9;931330,29;889147,06;880357,54;960091,82;734434,67;1225236,58
calc_verzinstinvest_annuity_gesamt;1297018,92;1054524,1;1297018,92;2038106,53;1140970,26;1318033,85;2523175,2;2401075,26;2681356,62;1694384,03;2813577,8;;;;;;;;;;;;;;;;;;;;;;;;;
calc_einnahmen_gesamt;2006128,69;2006128,69;2006128,69;2090943,35;2126770,51;2053480,17;2138410,7;2195389,4;2164211,73;2294131,62;2973725,44;9716629,11;6719820,67;6319742,76;6319742,76;6941153,95;6335112,46;7908646,03;9678823,0;7496117,41;12502995,02;14055690,64;1619891,88;1629574,12;1597102,78;1505870,68;1529688,4;1502814,7;1529688,4;1647174,58;1559586,53;1658862,1;1721135,28;1686434,92;1827388,75;2594528,97
calc_ausgaben_gesamt;2585567,63;2213643,91;2585567,63;3088577,06;1768612,43;2104455,29;3272414,49;3143596,82;3494287,99;2308975,35;3862823,73;23856509,7;15141124,33;13858031,11;13792298,14;10015999,98;12193949,47;26032492,09;27503240,32;27422675,37;23856509,7;28773678,39;3005772,88;2818156,83;3139467,33;2603038,96;2472921,29;2714467,21;2336300,72;2178702,27;2552594,76;3870119,6;3720447,6;4115827,17;2767469,47;4525554,83
calc_GuV;-579438,94;-207515,21;-579438,94;-997633,71;358158,08;-50975,12;-1134003,79;-948207,42;-1330076,26;-14843,73;-889098,3;-14139880,58;-8421303,66;-7538288,35;-7472555,38;-3074846,02;-5858837,01;-18123846,06;-17824417,32;-19926557,96;-11353514,68;-14717987,74;-1385881,0;-1188582,71;-1542364,55;-1097168,28;-943232,89;-1211652,5;-806612,32;-531527,69;-993008,23;-2211257,5;-1999312,33;-2429392,26;-940080,73;-1931025,86
calc_cost_gesamt;2585567,63;2213643,91;2585567,63;3088577,06;1768612,43;2104455,29;3272414,49;3143596,82;3494287,99;2308975,35;3862823,73;23856509,7;15141124,33;13858031,11;13792298,14;10015999,98;12193949,47;26032492,09;27503240,32;27422675,37;23856509,7;28773678,39;3005772,88;2818156,83;3139467,33;2603038,96;2472921,29;2714467,21;2336300,72;2178702,27;2552594,76;3870119,6;3720447,6;4115827,17;2767469,47;4525554,83
calc_lcoe_wka;3,77;3,77;3,77;3,83;1,96;2,54;3,77;3,34;3,83;1,96;2,54;1,96;3,34;3,34;3,34;1,96;2,54;3,77;3,34;3,83;1,96;2,54;3,77;3,34;3,83;3,77;3,34;3,83;3,34;1,96;2,54;3,77;3,34;3,83;1,96;2,54
calc_lcoe_pv;7,62;7,62;7,62;7,72;0,0;0,0;7,62;8,1;7,72;8,98;5,6;8,98;8,1;8,1;8,1;0,0;0,0;7,62;8,1;7,72;8,98;5,6;7,62;8,1;7,72;7,62;8,1;7,72;8,1;0,0;0,0;7,62;8,1;7,72;8,98;5,6
calc_lcoe_bat;0,0;0,0;0,0;0,0;0,0;0,0;11,51;13,6;13,58;25,31;11,64;38,35;0,0;0,0;0,0;0,0;0,0;28,82;27,79;27,98;38,35;15,33;0,0;0,0;0,0;0,0;0,0;0,0;0,0;0,0;0,0;11,41;13,29;13,39;25,07;11,59
calc_lcoe_mix;4,0;4,0;4,0;4,42;1,96;2,54;4,62;4,24;4,49;2,81;2,77;3,78;3,69;3,65;3,65;1,96;2,54;6,11;4,92;6,38;3,78;3,42;4,23;3,65;4,42;4,0;3,38;4,11;3,38;1,96;2,54;4,61;4,24;4,48;2,78;2,76
calc_lcoh_h2s;0,85;0,85;0,85;1,14;1,28;0,71;5,2;4,97;4,03;4,3;1,89;9,89;1,63;0,9;0,9;1,2;0,68;6,75;6,72;7,62;9,89;4,93;1,69;1,66;1,14;0,84;0,84;0,86;0,84;1,28;0,71;5,21;4,91;3,98;4,21;1,81
calc_lcoh_pem;3,27;3,27;3,27;3,7;2,06;2,65;3,36;3,17;3,31;2,32;2,42;2,81;3,46;3,51;3,51;2,2;2,92;4,04;3,47;4,16;2,81;2,73;3,45;3,19;3,7;3,26;2,94;3,47;2,94;2,06;2,66;3,37;3,18;3,32;2,31;2,42
calc_lcoh_h2;3,29;3,29;3,29;3,83;2,16;2,75;3,94;3,62;3,75;2,55;2,49;2,89;3,71;3,61;3,61;2,32;3,05;4,29;3,61;4,52;2,89;2,77;3,63;3,36;3,82;3,28;2,98;3,48;2,98;2,16;2,77;3,97;3,64;3,77;2,55;2,49
calc_lcon_asu;0,04;0,04;0,04;0,05;0,04;0,04;0,04;0,04;0,04;0,04;0,04;;;;;;;;;;;;;;;;;;;;;;;;;
calc_lcof_hb;950,68;801,91;950,68;959,99;604,84;726,74;968,93;904,06;932,06;686,09;674,15;;;;;;;;;;;;;;;;;;;;;;;;;
calc_cost_el;4,0;4,0;4,0;4,42;1,96;2,54;4,62;4,24;4,49;2,81;2,77;3,78;3,69;3,65;3,65;1,96;2,54;6,11;4,92;6,38;3,78;3,42;4,23;3,65;4,42;4,0;3,38;4,11;3,38;1,96;2,54;4,61;4,24;4,48;2,78;2,76
calc_cost_h2;3,26;3,26;3,26;3,45;2,0;2,47;3,94;3,62;3,75;2,55;2,49;2,89;3,32;3,3;3,3;2,1;2,65;4,29;3,61;4,52;2,89;2,77;3,4;3,08;3,45;3,25;2,94;3,44;2,94;2,01;2,49;3,97;3,64;3,77;2,55;2,49
calc_cost_n2;0,04;0,04;0,04;0,04;0,04;0,04;0,04;0,04;0,04;0,04;0,04;;;;;;;;;;;;;;;;;;;;;;;;;
calc_cost_nh3;835,41;686,65;835,41;878,44;571,17;665,95;968,93;904,06;932,06;686,09;674,15;;;;;;;;;;;;;;;;;;;;;;;;;
calc_maxprice;1,03;0,89;1,03;1,24;0,71;0,84;1,31;1,26;1,4;0,92;1,55;9,54;6,06;5,54;5,52;4,01;4,88;10,41;11,0;10,97;9,54;11,51;1,2;1,13;1,26;1,04;0,99;1,09;0,93;0,87;1,02;1,55;1,49;1,65;1,11;1,81
calc_price;1,03;0,88;1,03;1,2;0,66;0,82;1,25;1,18;1,33;0,81;1,16;6,96;5,57;5,22;5,19;3,43;4,54;9,45;9,33;10,17;6,74;8,09;1,15;1,08;1,22;1,04;0,98;1,08;0,92;0,81;1,0;1,48;1,4;1,57;0,98;1,37
result_h2bezug_flowsum;160545,82;160545,82;160545,82;;;;;;;;;;;447644,98;447644,98;;;;;;;;;;;172320,24;137494,62;203137,5;137494,62;;;;;;;
calc_h2bezug_kosten;802729,09;802729,09;802729,09;;;;;;;;;;;2238224,92;2238224,92;;;;;;;;;;;861601,21;687473,1;1015687,49;687473,1;;;;;;;
calc_lcose_ges;4,07;4,07;4,07;5,17;2,27;3,1;;;;;;;4,47;4,27;4,27;2,4;3,35;;;;;;4,7;4,21;5,16;4,04;3,44;4,2;3,44;2,27;3,11;;;;;
calc_lcosh_ges;3,9;3,9;3,9;;;;;;;;;;;3,95;3,95;;;;;;;;;;;3,9;3,53;4,13;3,53;;;;;;;
result_n2bezug_flowsum;;0,0;0,0;;;;;;;;;;;;;;;;;;;;;;;;;;;;;;;;;
calc_n2bezug_kosten;;0,0;0,0;;;;;;;;;;;;;;;;;;;;;;;;;;;;;;;;;
calc_lcon_ges;;0,04;0,04;;;;;;;;;;;;;;;;;;;;;;;;;;;;;;;;;
annuity_ft;;;;;;;;;;;;230,32;230,32;230,32;0,0;230,32;230,32;230,32;230,32;230,32;230,32;230,32;;;;;;;;;;;;;;
result_ft_flowsum_safout;;;;;;;;;;;;2500104,0;2500104,0;2500104,0;2500104,0;2500104,0;2500104,0;2500104,0;2500104,0;2500104,0;2500104,0;2500104,0;;;;;;;;;;;;;;
result_ft_flowsum_h2in;;;;;;;;;;;;1575065,52;1575065,52;1575065,52;1575065,52;1575065,52;1575065,52;1575065,52;1575065,52;1575065,52;1575065,52;1575065,52;;;;;;;;;;;;;;
result_ft_flowsum_co2in;;;;;;;;;;;;12150505,44;12150505,44;12150505,44;12150505,44;12150505,44;12150505,44;12150505,44;12150505,44;12150505,44;12150505,44;12150505,44;;;;;;;;;;;;;;
result_ft_flowsum_elin;;;;;;;;;;;;97479,05;97479,05;97479,05;97479,05;97479,05;97479,05;97479,05;97479,05;97479,05;97479,05;97479,05;;;;;;;;;;;;;;
calc_gesamtinvest_ft;;;;;;;;;;;;696376,0;696376,0;696376,0;0,0;696376,0;696376,0;696376,0;696376,0;696376,0;696376,0;696376,0;;;;;;;;;;;;;;
calc_opex_fix_ft;;;;;;;;;;;;20891,28;20891,28;20891,28;20891,28;20891,28;20891,28;20891,28;20891,28;20891,28;20891,28;20891,28;;;;;;;;;;;;;;
calc_annuity_ft;;;;;;;;;;;;65732,97;65732,97;65732,97;0,0;65732,97;65732,97;65732,97;65732,97;65732,97;65732,97;65732,97;;;;;;;;;;;;;;
calc_verzinstinvest_ft;;;;;;;;;;;;1314659,36;1314659,36;1314659,36;0,0;1314659,36;1314659,36;1314659,36;1314659,36;1314659,36;1314659,36;1314659,36;;;;;;;;;;;;;;
calc_cost_ft;;;;;;;;;;;;86624,25;86624,25;86624,25;20891,28;86624,25;86624,25;86624,25;86624,25;86624,25;86624,25;86624,25;;;;;;;;;;;;;;
annuity_hp;;;;;;;;;;;;56,17;56,17;56,17;56,17;56,17;56,17;56,17;56,17;56,17;56,17;56,17;56,17;56,17;56,17;56,17;56,17;56,17;56,17;56,17;56,17;56,17;56,17;56,17;56,17;56,17
result_hp_leistung;;;;;;;;;;;;690,86;414,92;511,34;511,34;748,27;762,39;686,65;708,36;712,04;690,86;678,47;101,23;102,76;103,56;110,98;114,25;117,95;114,25;193,76;194,83;199,85;191,75;191,74;192,22;191,3
result_hp_flowsum_elin;;;;;;;;;;;;5811,19;3089,54;3192,31;3192,31;5789,78;5773,95;5799,43;5856,99;5803,04;5811,19;5781,07;862,48;863,26;863,13;868,43;872,65;871,12;872,65;1628,92;1627,08;1632,75;1629,3;1629,71;1635,41;1631,43
result_hp_flowsum_qout;;;;;;;;;;;;21522921,71;11442732,75;11823388,87;11823388,87;21443627,24;21385016,09;21479387,08;21692558,15;21492750,16;21522921,71;21411382,48;3194384,08;3197247,1;3196764,27;3216396,58;3232036,25;3226384,1;3232036,25;6033053,26;6026214,64;6047228,58;6034442,67;6035974,34;6057085,21;6042325,55
calc_gesamtinvest_hp;;;;;;;;;;;;1791117,66;1075718,47;1325707,81;1325707,81;1939965,49;1976555,68;1780209,99;1836496,6;1846018,85;1791117,66;1759006,73;262438,28;266412,81;268495,65;287732,04;296194,06;305793,16;296194,06;502337,21;505115,27;518139,79;497140,53;497092,96;498349,78;495955,04
calc_opex_fix_hp;;;;;;;;;;;;35822,35;21514,37;26514,16;26514,16;38799,31;39531,11;35604,2;36729,93;36920,38;35822,35;35180,13;5248,77;5328,26;5369,91;5754,64;5923,88;6115,86;5923,88;10046,74;10102,31;10362,8;9942,81;9941,86;9967,0;9919,1
calc_annuity_hp;;;;;;;;;;;;143723,91;86318,43;106378,22;106378,22;155667,85;158603,94;142848,66;147365,24;148129,33;143723,91;141147,25;21058,73;21377,65;21544,79;23088,36;23767,38;24537,63;23767,38;40308,84;40531,76;41576,88;39891,84;39888,03;39988,88;39796,72
calc_verzinstinvest_hp;;;;;;;;;;;;2874478,3;1726368,66;2127564,48;2127564,48;3113357,0;3172078,83;2856973,1;2947304,77;2962586,57;2874478,3;2822945,01;421174,54;427553,07;430895,71;461767,27;475347,55;490752,69;475347,55;806176,74;810635,12;831537,54;797836,85;797760,5;799777,52;795934,31
calc_cost_hp;;;;;;;;;;;;179546,27;107832,8;132892,38;132892,38;194467,16;198135,06;178452,85;184095,17;185049,71;179546,27;176327,39;26307,49;26705,91;26914,7;28843,0;29691,26;30653,5;29691,26;50355,58;50634,06;51939,67;49834,65;49829,88;49955,87;49715,82
annuity_dac;;;;;;;;;;;;768,56;;;;768,56;768,56;768,56;768,56;768,56;768,56;768,56;;;;;;;;768,56;768,56;768,56;768,56;768,56;768,56;768,56
result_dac_leistung;;;;;;;;;;;;693,52;;;;693,52;693,52;693,52;693,52;693,52;693,52;693,52;;;;;;;;196,21;196,21;196,21;196,21;196,21;196,21;196,21
result_dac_flowsum_elin;;;;;;;;;;;;6075,25;;;;6075,25;6075,25;6075,25;6075,25;6075,25;6075,25;6075,25;;;;;;;;1718,82;1718,82;1718,82;1718,82;1718,82;1718,82;1718,82
result_dac_flowsum_qin;;;;;;;;;;;;21263384,52;;;;21263384,52;21263384,52;21263384,52;21263384,52;21263384,52;21263384,52;21263384,52;;;;;;;;6015875,25;6015875,25;6015875,25;6015875,25;6015875,25;6015875,25;6015875,25
result_dac_flowsum_co2out;;;;;;;;;;;;12150505,44;;;;12150505,44;12150505,44;12150505,44;12150505,44;12150505,44;12150505,44;12150505,44;;;;;;;;3437643,0;3437643,0;3437643,0;3437643,0;3437643,0;3437643,0;3437643,0
calc_gesamtinvest_dac;;;;;;;;;;;;9709308,0;;;;9709308,0;9709308,0;9709308,0;9709308,0;9709308,0;9709308,0;9709308,0;;;;;;;;2746975,0;2746975,0;2746975,0;2746975,0;2746975,0;2746975,0;2746975,0
calc_opex_fix_dac;;;;;;;;;;;;485465,4;;;;485465,4;485465,4;485465,4;485465,4;485465,4;485465,4;485465,4;;;;;;;;137348,75;137348,75;137348,75;137348,75;137348,75;137348,75;137348,75
calc_annuity_dac;;;;;;;;;;;;1066029,83;;;;1066029,83;1066029,83;1066029,83;1066029,83;1066029,83;1066029,83;1066029,83;;;;;;;;301603,09;301603,09;301603,09;301603,09;301603,09;301603,09;301603,09
calc_verzinstinvest_dac;;;;;;;;;;;;15990447,42;;;;15990447,42;15990447,42;15990447,42;15990447,42;15990447,42;15990447,42;15990447,42;;;;;;;;4524046,34;4524046,34;4524046,34;4524046,34;4524046,34;4524046,34;4524046,34
calc_cost_dac;;;;;;;;;;;;1551495,23;;;;1551495,23;1551495,23;1551495,23;1551495,23;1551495,23;1551495,23;1551495,23;;;;;;;;438951,84;438951,84;438951,84;438951,84;438951,84;438951,84;438951,84
annuity_qs;;;;;;;;;;;;0,18;0,18;0,18;0,18;0,18;0,18;0,18;0,18;0,18;0,18;0,18;0,18;0,18;0,18;0,18;0,18;0,18;0,18;0,18;0,18;0,18;0,18;0,18;0,18;0,18
result_qs_kapa;;;;;;;;;;;;109541,1;26575,86;61129,24;61129,24;40191,42;25766,83;100593,23;185583,77;77699,35;109541,1;73123,57;1542,07;2557,09;2284,48;4087,09;6319,49;5534,49;6319,49;4189,58;2524,86;16974,79;12139,86;11465,73;18403,01;15413,91
result_qs_flowsum_in;;;;;;;;;;;;994256,24;1250550,36;3009757,68;3009757,68;2227063,81;1982376,43;884897,66;1462212,39;1475727,3;994256,24;691481,46;59228,06;89994,53;98457,65;249173,81;323308,97;366594,46;323308,97;209121,8;179309,41;337762,35;160039,15;160487,71;196490,56;166610,44
result_qs_flowsum_out;;;;;;;;;;;;739581,31;1160786,4;2762049,02;2762049,02;2046821,09;1867550,28;668895,09;1044028,18;1266086,88;739581,31;544509,98;54976,69;82880,13;91947,46;231970,68;298313,93;343157,63;298313,93;191943,79;168970,02;306409,02;141471,72;140388,61;155280,6;140421,3
calc_gesamtinvest_qs;;;;;;;;;;;;310001,3;75209,68;172995,76;172995,76;113741,72;72920,14;284678,84;525202,07;219889,15;310001,3;206939,69;4364,05;7236,56;6465,08;11566,47;17884,15;15662,59;17884,15;11856,52;7145,35;48038,64;34355,81;32448,03;52080,52;43621,37
calc_opex_fix_qs;;;;;;;;;;;;9300,04;2256,29;5189,87;5189,87;3412,25;2187,6;8540,37;15756,06;6596,67;9300,04;6208,19;130,92;217,1;193,95;346,99;536,52;469,88;536,52;355,7;214,36;1441,16;1030,67;973,44;1562,42;1308,64
calc_annuity_qs;;;;;;;;;;;;20166,03;4892,5;11253,62;11253,62;7399,06;4743,56;18518,77;34165,15;14304,11;20166,03;13461,72;283,89;470,75;420,56;752,42;1163,39;1018,87;1163,39;771,28;464,82;3124,98;2234,89;2110,79;3387,91;2837,63
calc_verzinstinvest_qs;;;;;;;;;;;;604980,89;146774,93;337608,68;337608,68;221971,87;142306,78;555563,0;1024954,45;429123,15;604980,89;403851,72;8516,62;14122,46;12616,87;22572,47;34901,69;30566,22;34901,69;23138,51;13944,46;93749,48;67046,84;63323,73;101637,38;85128,98
calc_cost_qs;;;;;;;;;;;;29466,07;7148,79;16443,5;16443,5;10811,31;6931,16;27059,13;49921,21;20900,78;29466,07;19669,91;414,81;687,85;614,51;1099,41;1699,91;1488,75;1699,91;1126,98;679,18;4566,14;3265,57;3084,23;4950,33;4146,27
result_qverkauf_flowsum;;;;;;;;;;;;4862,26;77299,74;300011,16;300011,16;0,0;6805,41;0,0;10989,42;19725,22;4862,26;1026,48;0,0;0,0;121,36;9060,74;16908,51;12814,57;16908,51;0,0;0,0;0,0;0,0;0,0;0,0;261,16
calc_einnahmen_qverkauf_schattenvariable;;;;;;;;;;;;0,49;7,73;30,0;30,0;0,0;0,68;0,0;1,1;1,97;0,49;0,1;0,0;0,0;0,01;0,91;1,69;1,28;1,69;0,0;0,0;0,0;0,0;0,0;0,0;0,03
calc_einnnahmen_qverkauf;;;;;;;;;;;;0,0;0,0;0,0;0,0;0,0;0,0;0,0;0,0;0,0;0,0;0,0;0,0;0,0;0,0;0,0;0,0;0,0;0,0;0,0;0,0;0,0;0,0;0,0;0,0;0,0
result_safverkauf_flowsum;;;;;;;;;;;;2500104,0;2500104,0;2500104,0;2500104,0;2500104,0;2500104,0;2500104,0;2500104,0;2500104,0;2500104,0;2500104,0;;;;;;;;;;;;;;
calc_einnahmen_safverkauf;;;;;;;;;;;;3250135,2;5500228,8;5500228,8;5500228,8;5500228,8;5500228,8;5500228,8;5500228,8;5500228,8;5500228,8;5500228,8;;;;;;;;;;;;;;
calc_annuity_gesamt;;;;;;;;;;;;18307961,26;9572144,4;7490565,92;7424832,95;6131485,36;6968927,88;20860178,12;21590098,66;22104551,76;18307961,26;21741971,19;2090423,84;1892100,84;2080632,56;1287042,65;1295375,36;1248092,31;1158754,79;1428159,37;1621264,47;2980972,54;2840090,07;3155735,35;2033034,81;3300318,24
calc_lcoh_hp;;;;;;;;;;;;0,02;0,02;0,02;0,02;0,02;0,02;0,02;0,02;0,03;0,02;0,02;0,02;0,02;0,02;0,02;0,02;0,02;0,02;0,01;0,02;0,02;0,02;0,02;0,02;0,02
calc_lcoh_qs;;;;;;;;;;;;0,04;0,01;0,01;0,01;0,01;0,0;0,04;0,05;0,02;0,04;0,04;0,01;0,01;0,01;0,0;0,01;0,0;0,01;0,01;0,0;0,01;0,02;0,02;0,03;0,03
calc_lcoh_q;;;;;;;;;;;;0,02;0,02;0,02;0,02;0,02;0,02;0,03;0,02;0,03;0,02;0,02;0,02;0,02;0,02;0,02;0,02;0,02;0,02;0,01;0,02;0,02;0,02;0,02;0,02;0,02
calc_lcon_dac;;;;;;;;;;;;0,18;;;;0,17;0,18;0,2;0,19;0,21;0,18;0,18;;;;;;;;0,16;0,17;0,19;0,18;0,19;0,17;0,17
calc_lcof_ft;;;;;;;;;;;;4210,39;4377,05;4458,92;4440,0;3236,23;4115,03;6096,69;5164,82;6360,42;4200,67;3963,42;;;;;;;;;;;;;;
calc_cost_q;;;;;;;;;;;;0,02;0,02;0,02;0,02;0,01;0,02;0,03;0,02;0,03;0,02;0,02;0,02;0,02;0,02;0,02;0,02;0,02;0,02;0,01;0,02;0,02;0,02;0,02;0,02;0,02
calc_cost_co2;;;;;;;;;;;;0,18;0,05;0,05;0,05;0,16;0,17;0,2;0,19;0,21;0,18;0,18;0,05;0,05;0,05;0,05;0,05;0,05;0,05;0,16;0,17;0,19;0,18;0,19;0,17;0,17
calc_cost_saf;;;;;;;;;;;;4210,39;3821,72;3801,23;3774,94;2916,65;3517,88;6106,41;5174,54;6370,14;4210,39;3973,14;;;;;;;;;;;;;;
result_ft_flowsum_naphout;;;;;;;;;;;;;975040,56;975040,56;975040,56;975040,56;975040,56;975040,56;975040,56;975040,56;975040,56;975040,56;;;;;;;;;;;;;;
annuity_mea;;;;;;;;;;;;;153,63;153,63;153,63;;;;;;;;153,63;153,63;153,63;153,63;153,63;153,63;153,63;;;;;;;
result_mea_leistung;;;;;;;;;;;;;277,41;277,41;277,41;;;;;;;;78,48;78,48;78,48;78,48;78,48;78,48;78,48;;;;;;;
result_mea_flowsum_elin;;;;;;;;;;;;;2430,1;2430,1;2430,1;;;;;;;;687,53;687,53;687,53;687,53;687,53;687,53;687,53;;;;;;;
result_mea_flowsum_qin;;;;;;;;;;;;;11275669,05;11275669,05;11275669,05;;;;;;;;3190132,7;3190132,7;3190132,7;3190132,7;3190132,7;3190132,7;3190132,7;;;;;;;
result_mea_flowsum_biogasin;;;;;;;;;;;;;30376263,6;30376263,6;30376263,6;;;;;;;;8594107,5;8594107,5;8594107,5;8594107,5;8594107,5;8594107,5;8594107,5;;;;;;;
result_mea_flowsum_co2out;;;;;;;;;;;;;12150505,44;12150505,44;12150505,44;;;;;;;;3437643,0;3437643,0;3437643,0;3437643,0;3437643,0;3437643,0;3437643,0;;;;;;;
calc_gesamtinvest_mea;;;;;;;;;;;;;2274752,16;2274752,16;2274752,16;;;;;;;;643577,0;643577,0;643577,0;643577,0;643577,0;643577,0;643577,0;;;;;;;
calc_opex_fix_mea;;;;;;;;;;;;;90990,09;90990,09;90990,09;;;;;;;;25743,08;25743,08;25743,08;25743,08;25743,08;25743,08;25743,08;;;;;;;
calc_opex_var_mea;;;;;;;;;;;;;18225,76;18225,76;18225,76;;;;;;;;5156,46;5156,46;5156,46;5156,46;5156,46;5156,46;5156,46;;;;;;;
calc_annuity_mea;;;;;;;;;;;;;213096,0;213096,0;213096,0;;;;;;;;60289,51;60289,51;60289,51;60289,51;60289,51;60289,51;60289,51;;;;;;;
calc_verzinstinvest_mea;;;;;;;;;;;;;5327400,12;5327400,12;5327400,12;;;;;;;;1507237,69;1507237,69;1507237,69;1507237,69;1507237,69;1507237,69;1507237,69;;;;;;;
calc_cost_mea;;;;;;;;;;;;;322311,85;322311,85;322311,85;;;;;;;;91189,05;91189,05;91189,05;91189,05;91189,05;91189,05;91189,05;;;;;;;
result_biogasbezug_flowsum;;;;;;;;;;;;;30376263,6;30376263,6;30376263,6;;;;;;;;8594107,5;8594107,5;8594107,5;8594107,5;8594107,5;8594107,5;8594107,5;;;;;;;
calc_biogasbezug_kosten;;;;;;;;;;;;;0,0;0,0;0,0;;;;;;;;0,0;0,0;0,0;0,0;0,0;0,0;0,0;;;;;;;
result_naphverkauf_flowsum;;;;;;;;;;;;;975040,56;975040,56;975040,56;975040,56;975040,56;975040,56;975040,56;975040,56;975040,56;975040,56;;;;;;;;;;;;;;
calc_einnahmen_naphverkauf;;;;;;;;;;;;;536272,31;536272,31;536272,31;536272,31;536272,31;536272,31;536272,31;536272,31;536272,31;536272,31;;;;;;;;;;;;;;
calc_lcon_mea;;;;;;;;;;;;;0,06;0,06;0,06;;;;;;;;0,06;0,05;0,06;0,05;0,05;0,05;0,05;;;;;;;
calc_lcof_naph;;;;;;;;;;;;;4440,97;4522,83;4455,42;3300,15;4178,95;6160,61;5228,74;6424,33;4264,59;4027,34;;;;;;;;;;;;;;
calc_lcof_saf;;;;;;;;;;;;;4386,78;4468,64;4442,35;3245,95;4124,76;6106,41;5174,54;6370,14;4210,39;3973,14;;;;;;;;;;;;;;
calc_cost_naph;;;;;;;;;;;;;9799,27;9746,75;9679,34;7478,58;9020,2;15657,47;13268,06;16333,7;10795,88;10187,55;;;;;;;;;;;;;;
annuity_ms;;;;;;;;;;;;;;;;;;;;;;;478,7;478,7;478,7;478,7;478,7;478,7;0,0;478,7;478,7;478,7;478,7;478,7;478,7;478,7
result_ms_flowsum_ch3ohout;;;;;;;;;;;;;;;;;;;;;;;2500104,0;2500104,0;2500104,0;2500104,0;2500104,0;2500104,0;2500104,0;2500104,0;2500104,0;2500104,0;2500104,0;2500104,0;2500104,0;2500104,0
result_ms_flowsum_h2in;;;;;;;;;;;;;;;;;;;;;;;472519,66;472519,66;472519,66;472519,66;472519,66;472519,66;472519,66;472519,66;472519,66;472519,66;472519,66;472519,66;472519,66;472519,66
result_ms_flowsum_co2in;;;;;;;;;;;;;;;;;;;;;;;3437643,0;3437643,0;3437643,0;3437643,0;3437643,0;3437643,0;3437643,0;3437643,0;3437643,0;3437643,0;3437643,0;3437643,0;3437643,0;3437643,0
result_ms_flowsum_elin;;;;;;;;;;;;;;;;;;;;;;;3750,16;3750,16;3750,16;3750,16;3750,16;3750,16;3750,16;3750,16;3750,16;3750,16;3750,16;3750,16;3750,16;3750,16
calc_gesamtinvest_ms;;;;;;;;;;;;;;;;;;;;;;;1458394,0;1458394,0;1458394,0;1458394,0;1458394,0;1458394,0;0,0;1458394,0;1458394,0;1458394,0;1458394,0;1458394,0;1458394,0;1458394,0
calc_opex_fix_ms;;;;;;;;;;;;;;;;;;;;;;;72919,7;72919,7;72919,7;72919,7;72919,7;72919,7;72919,7;72919,7;72919,7;72919,7;72919,7;72919,7;72919,7;72919,7
calc_annuity_ms;;;;;;;;;;;;;;;;;;;;;;;136620,57;136620,57;136620,57;136620,57;136620,57;136620,57;0,0;136620,57;136620,57;136620,57;136620,57;136620,57;136620,57;136620,57
calc_verzinstinvest_ms;;;;;;;;;;;;;;;;;;;;;;;3415514,23;3415514,23;3415514,23;3415514,23;3415514,23;3415514,23;0,0;3415514,23;3415514,23;3415514,23;3415514,23;3415514,23;3415514,23;3415514,23
calc_cost_ms;;;;;;;;;;;;;;;;;;;;;;;209540,27;209540,27;209540,27;209540,27;209540,27;209540,27;72919,7;209540,27;209540,27;209540,27;209540,27;209540,27;209540,27;209540,27
result_ch3ohverkauf_flowsum;;;;;;;;;;;;;;;;;;;;;;;2500104,0;2500104,0;2500104,0;2500104,0;2500104,0;2500104,0;2500104,0;2500104,0;2500104,0;2500104,0;2500104,0;2500104,0;2500104,0;2500104,0
calc_einnahmen_ch3ohverkauf;;;;;;;;;;;;;;;;;;;;;;;1500062,4;1500062,4;1500062,4;1500062,4;1500062,4;1500062,4;1500062,4;1500062,4;1500062,4;1500062,4;1500062,4;1500062,4;1500062,4;1500062,4
calc_lcof_ms;;;;;;;;;;;;;;;;;;;;;;;916,86;856,2;963,42;954,24;873,32;1002,16;818,68;753,22;891,42;1162,25;1088,89;1119,92;841,84;830,14
calc_cost_ch3oh;;;;;;;;;;;;;;;;;;;;;;;862,42;791,69;877,71;831,98;760,66;869,55;706,02;715,87;822,21;1162,25;1088,89;1119,92;841,84;830,14
