Kategorie;Technologie;Beschreibung;Variable;Wert;Einheit;
Konverter;PEM Elektrolyse;Annuität je Leistung;annuity_pem;185,905449;€/ kWa;
;;Installierte Leistung;result_pem_leistung;3009,373971;kW;
;;Strombedarf;result_pem_flowsum_elin;23045,87799;MWh/a;
;;Wasserstoffprofuktion;result_pem_flowsum_h2out;460917,5599;kg_H2/a;
;;Investitionskosten unverzinst;calc_gesamtinvest_pem;4514060,957;€;
;;Betriebskosten Fix;calc_opex_fix_pem;135421,8287;€/a;
;;Annuität;calc_annuity_pem;559459,0206;€/a;
;;Investitionskosten verzinst;calc_verzinstinvest_pem;11189180,41;€;
;;Gesamte Kosten pro Jahr;calc_cost_pem;694880,8493;€/a;
;;;;;;
;Haber-Bosch;Annuität je Leistung;annuity_hb;1061,281552;€ h/ kg a;
;;Ammoniakproduktion;result_hb_flowsum_nh3out;2500104;kg_NH3/a;
;;Wasserstoffbedarf;result_hb_flowsum_h2in;445018,512;kg_H2/a;
;;Stickstoffbedarf;result_hb_flowsum_n2in;2055085,488;kg_N2/a;
;;Strombedarf;result_hb_flowsum_elin;4500,1872;MWh/a;
;;Investitionskosten unverzinst;calc_gesamtinvest_hb;2588578;€;
;;Betriebskosten Fix;calc_opex_fix_hb;129428,9;€/a;
;;Annuität;calc_annuity_hb;302889,7549;€/a;
;;Investitionskosten verzinst;calc_verzinstinvest_hb;7572243,873;€;
;;Gesamte Kosten pro Jahr;calc_cost_hb;432318,6549;€/a;
;;;;;;
;N2-Bereitstellung / ASU kryogen;Annuität je Leistung;annuity_asu;232,850087;€ h/ kg a;
;;Installierte Leistung;result_asu_leistung;56,303712;kW_el;
;;Strombedarf;result_asu_flowsum_elin;493,220517;MWh/a;
;;Stickstoffproduktion;result_asu_flowsum_n2out;2055085,488;kg_N2/a;
;;Investitionskosten unverzinst;calc_gesamtinvest_asu;466851,612;€;
;;Betriebskosten Fix;calc_opex_fix_asu;23342,5806;€/a;
;;Annuität;calc_annuity_asu;54626,35097;€/a;
;;Investitionskosten verzinst;calc_verzinstinvest_asu;1365658,774;€;
;;Gesamte Kosten pro Jahr;calc_cost_asu;77968,93157;€/a;
;;;;;;
Speicher;"H2-Speicher
Druckspeicher ";Annuität je Kapazität;annuity_h2s;49,167109;€/ kg a;
;;Installierte Kapazität;result_h2s_kapa;445,570068;kg;
;;Einspeichern Wasserstoff;result_h2s_flowsum_in;46085,01905;kg_H2/a;
;;Ausspeichern Wasserstoff;result_h2s_flowsum_out;31964,20981;kg_H2/a;
;;Investitionskosten unverzinst;calc_gesamtinvest_h2s;218329,3335;€;
;;Betriebskosten Fix;calc_opex_fix_h2s;2183,293335;€/a;
;;Annuität;calc_annuity_h2s;21907,39231;€/a;
;;Investitionskosten verzinst;calc_verzinstinvest_h2s;438147,8462;€;
;;Gesamte Kosten pro Jahr;calc_cost_h2s;24090,68565;€/a;
;;;;;;
;"Batterie
Li-Ion";Annuität je Leistung;annuity_bat_leistung;55,109987;€/ kWa;
;;Annuität je Kapazität;annuity_bat_kapa;13,777497;€/ kWh a;
;;Installierte Kapazität;result_bat_kapa;672,779594;kWh;
;;Installierte Leistung;result_bat_leistung;168,194898;kW;
;;Batterie Ausspeichern;result_bat_flowsum_out;327,581636;MWh/a;
;;Batterie Einspeichern;result_bat_flowsum_in;374,874453;MWh/a;
;;Investitionskosten unverzinst;calc_gesamtinvest_bat;142629,2739;€;
;;Betriebskosten Fix;calc_opex_fix_bat;1782,865924;€/a;
;;Annuität;calc_annuity_bat;18538,43725;€/a;
;;Investitionskosten verzinst;calc_verzinstinvest_bat;278076,5588;€;
;;Gesamte Kosten pro Jahr;calc_cost_bat;20321,30318;€/a;
;;;;;;
Quellen;Stromnetz;Netzbezug Strom;result_strombezug_flowsum;6695,545945;MWh/a;0,011359335
;;Kosten Netzbezug;calc_strombezug_kosten;589431,1537;€/a;
;;;;;;
;PV;Annuität je Leistung;annuity_pv;104,812775;€/ kWa;
;;Installierte Leistung;result_pv_leistung;0;kW;
;;PV-Strom Erzeugung;result_pv_flowsum_generation;0;MWh/a;
;;Investitionskosten unverzinst;calc_gesamtinvest_pv;0;€;
;;Betriebskosten Fix;calc_opex_fix_pv;0;€/a;
;;Betriebskosten Var;calc_opex_var_pv;0;€/a;
;;Annuität;calc_annuity_pv;0;€/a;
;;Investitionskosten verzinst;calc_verzinstinvest_pv;0;€;
;;Gesamte Kosten pro Jahr;calc_cost_pv;0;€/a;
;;;;;;
;Wind Onshore;Annuität je Leistung;annuity_wkaon;106,407824;€/ kWa;
;;Installierte Leistung ;result_wka_leistung;5256,090578;kW;
;;Windstrom Erzeugung;result_wka_flowsum_generation;24586,10479;MWh/a;
;;Investitionskosten unverzinst;calc_gesamtinvest_wka;5676577,824;€;
;;Betriebskosten Fix;calc_opex_fix_wkaon;66647,22853;€/a;
;;Betriebskosten Var;calc_opex_var_wkaon;122930,5239;€/a;
;;Annuität;calc_annuity_wka;559289,1586;€/a;
;;Investitionskosten verzinst;calc_verzinstinvest_wka;13982228,96;€;
;;Gesamte Kosten pro Jahr;calc_cost_wkaon;748866,911;€/a;
;;;;;;
Senken;Stromnetz;Stromverkauf;result_stromverkauf_flowsum;3195,072203;MWh/a;
;;Einnahmen aus Stromverkauf;calc_einnahmen_stromverkauf;0;€/a;
;;;;;;
;Wasserstoff Verkauf;Wasserstoffverkauf;result_h2verkauf_flowsum;1778,238619;kg_H2/a;
;;Einnahmen aus Wasserstoffverkauf;calc_einnahmen_h2verkauf;2667,357928;€/a;
;;;;;;
;Ammoniak Verkauf;Ammoniakverkauf;result_nh3verkauf_flowsum;2500104;kg_NH3/a;
;;Einnahmen aus Ammoniakverkauf;calc_einnahmen_nh3verkauf;2000083,2;€/a;
;;;;;;
Energiesystem;Lebensdauer;Gesamte verzinste Investitionskosten;calc_verzinstinvest_gesamt;34825536,43;€;
;;Gesamte unverzinste Investitionskosten;calc_gesamtinvest;13607027;€;
;;;;;;
;Pro Jahr;Gesamte Betriebskosten pro Jahr;calc_opex_gesamt;1071168,375;€/a;
;;Gesamte Annuität pro Jahr;calc_verzinstinvest_annuity_gesamt;1516710,115;€/a;
;;Gesamte Einnahmen pro Jahr;calc_einnahmen_gesamt;2002750,558;€/a;
;;Gesamte Ausgaben pro Jahr;calc_ausgaben_gesamt;2587878,489;€/a;
;;Gewinn/Verlust pro Jahr;calc_GuV;-585127,9314;€/a;
;;Gesamte Ausgaben pro Jahr Technologien;calc_cost_gesamt;2587878,489;€/a;
;Gestehungskosten;Levelized Cost of Wind;calc_lcoe_wka;3,045895;ct/kWh;
;;Levelized Cost of PV;calc_lcoe_pv;0;ct/kWh;
;;Levelized Cost of Battery;calc_lcoe_bat;6,203432;ct/kWh Speichermenge;
;;Levelized Cost of Electricity;calc_lcoe_mix;4,845414;ct/kWh;
;;Levelized Cost of Hydrogen Storage;calc_lcoh_h2s;0,753677;€/kg Speichermenge;
;;Levelized Cost of Electrolysis;calc_lcoh_pem;3,93031;€/kg;
;;Levelized Cost of Hydrogen;calc_lcoh_h2;4,118868;€/kg;
;;Levelized Cost of Nitrogen;calc_lcon_asu;0,049569;€/kg;
;;Levelized Cost of Ammonia;calc_lcof_hb;1034,041436;€/t;
;Gesamtkosten pro Energieträger;Gesamtkosten pro kWh;calc_cost_el;4,845414;ct/kWh;
;;Gesamtkosten pro kg Wasserstoff;calc_cost_h2;4,118868;€/kg;
;;Gesamtkosten pro kg Stickstoff;calc_cost_n2;0,049569;€/kg;
;;Gesamtkosten pro t Ammoniak;calc_cost_nh3;1034,041436;€/t;
;;;;;;
;Verkaufspreiseanalyse;Maximaler Verkaufspreis Bilanznull;calc_maxprice;1,035108;€/kg_NH3;
;;Verkaufspreis Bilanznull mit Vorverkauf;calc_price;1,034041;€/kg_NH3;
