Prozess;Variable;Einheit;Run_1;Run_2;Run_3;Run_4;Run_5;Run_6;Run_7;Run_8;Run_9;Run_10;Run_11;Run_12;Run_13;Run_14;Run_15;Run_16;Run_17;Run_18;Run_19;Run_20;Run_21;Run_22;Run_23;Run_24;Run_25;Run_26;Run_27;Run_28;Run_29;Run_30;Run_31;Run_32;Run_33;Run_34;Run_35;Run_36;Run_37;Run_38;Run_39;Run_40;Run_41;Run_42;Run_43;Run_44;Run_45;Run_46;Run_47;Run_48;Run_49;Run_50;Run_51;Run_52;Run_53;Run_54;Run_55;Run_56;Run_57;Run_58;Run_59;Run_60;Run_61;Run_62;Run_63;Run_64;Run_65;Run_66;Run_67;Run_68;Run_69;Run_70
;;;;;;;;;;;;;;;;;;;;;;;;;;;;;;;;;;;;;;;;;;;;;;;;;;;;;;;;;;;;;;;;;;;;;;;;
Inputs;zinssatz_pem;;0,02;0,06;0,1;0,15;0,19;0,23;0,27;0,32;0,36;0,4;;;;;;;;;;;;;;;;;;;;;;;;;;;;;;;;;;;;;;;;;;;;;;;;;;;;;;;;;;;;
;zinssatz_pv;;;;;;;;;;;;0,01;0,04;0,07;0,1;0,13;0,15;0,18;0,21;0,24;0,27;;;;;;;;;;;;;;;;;;;;;;;;;;;;;;;;;;;;;;;;;;;;;;;;;;
;zinssatz_hb;;;;;;;;;;;;;;;;;;;;;;0,02;0,06;0,1;0,15;0,19;0,23;0,27;0,32;0,36;0,4;;;;;;;;;;;;;;;;;;;;;;;;;;;;;;;;;;;;;;;;
;zinssatz_asu;;;;;;;;;;;;;;;;;;;;;;;;;;;;;;;;0,02;0,06;0,1;0,15;0,19;0,23;0,27;0,32;0,36;0,4;;;;;;;;;;;;;;;;;;;;;;;;;;;;;;
;zinssatz_h2s;;;;;;;;;;;;;;;;;;;;;;;;;;;;;;;;;;;;;;;;;;0,01;0,04;0,07;0,09;0,12;0,14;0,17;0,2;0,22;0,25;;;;;;;;;;;;;;;;;;;;
;zinssatz_bat;;;;;;;;;;;;;;;;;;;;;;;;;;;;;;;;;;;;;;;;;;;;;;;;;;;;0,03;0,08;0,13;0,18;0,24;0,29;0,34;0,39;0,45;0,5;;;;;;;;;;
;zinssatz_wkaon;;;;;;;;;;;;;;;;;;;;;;;;;;;;;;;;;;;;;;;;;;;;;;;;;;;;;;;;;;;;;;0,01;0,05;0,08;0,11;0,14;0,17;0,2;0,23;0,26;0,29
;;;;;;;;;;;;;;;;;;;;;;;;;;;;;;;;;;;;;;;;;;;;;;;;;;;;;;;;;;;;;;;;;;;;;;;;
Outputs;annuity_pem;€/ kWa;91,74;130,78;176,19;239,64;294,07;350,58;408,43;481,87;541,15;600,72;152,78;152,78;152,78;152,78;152,78;152,78;152,78;152,78;152,78;152,78;152,78;152,78;152,78;152,78;152,78;152,78;152,78;152,78;152,78;152,78;152,78;152,78;152,78;152,78;152,78;152,78;152,78;152,78;152,78;152,78;152,78;152,78;152,78;152,78;152,78;152,78;152,78;152,78;152,78;152,78;152,78;152,78;152,78;152,78;152,78;152,78;152,78;152,78;152,78;152,78;152,78;152,78;152,78;152,78;152,78;152,78;152,78;152,78;152,78;152,78
;result_pem_leistung;kW;4475,31;4289,66;3956,6;3314,73;3305,54;3245,33;3180,98;3158,84;3125,82;3114,79;4025,52;4025,52;4025,52;3868,3;3851,24;3851,24;3851,24;3851,24;3851,24;3851,24;4025,52;4025,52;4025,52;4025,52;4025,52;4025,52;4025,52;4025,52;4025,52;4025,52;4025,52;4025,52;4025,52;4025,52;4025,52;4025,52;4025,52;4025,52;4025,52;4025,52;3487,64;4025,52;4048,89;4133,15;4278,18;4258,97;4241,38;4226,37;4214,32;4197,76;3853,16;4025,52;4025,52;4025,52;4025,52;4038,99;4043,38;4043,38;4043,38;4042,03;4151,08;4025,52;4025,52;3559,77;3656,26;3711,28;3726,14;3726,14;3794,15;3806,56
;result_pem_flowsum_elin;MWh/a;32465,19;31571,03;29879,17;25599,24;25560,43;25306,52;25030,59;24940,44;24797,62;24743,9;30209,89;30209,89;30209,89;29293,24;29187,84;29187,84;29187,84;29187,84;29187,84;29187,84;30209,89;30209,89;30209,89;30209,89;30209,89;30209,89;30209,89;30209,89;30209,89;30209,89;30209,89;30209,89;30209,89;30209,89;30209,89;30209,89;30209,89;30209,89;30209,89;30209,89;26317,54;30209,89;30334,36;30776,4;31847,58;31778,51;31713,77;31658,32;31612,37;31547,64;29198,16;30209,89;30209,89;30209,89;30209,89;30321,29;30361,28;30361,28;30361,28;30354,79;31353,75;30209,89;30209,89;26587,51;26928,79;27109,29;27157,53;27157,53;27366,78;27407,25
;result_pem_flowsum_h2out;kg_H2/a;649303,84;631420,65;597583,47;511984,74;511208,62;506130,43;500611,84;498808,78;495952,43;494877,9;604197,75;604197,75;604197,75;585864,74;583756,85;583756,85;583756,85;583756,85;583756,85;583756,85;604197,75;604197,75;604197,75;604197,75;604197,75;604197,75;604197,75;604197,75;604197,75;604197,75;604197,75;604197,75;604197,75;604197,75;604197,75;604197,75;604197,75;604197,75;604197,75;604197,75;526350,86;604197,75;606687,12;615528,09;636951,58;635570,22;634275,42;633166,33;632247,41;630952,82;583963,16;604197,75;604197,75;604197,75;604197,75;606425,86;607225,63;607225,63;607225,63;607095,87;627074,9;604197,75;604197,75;531750,22;538575,72;542185,76;543150,64;543150,64;547335,56;548144,93
;calc_gesamtinvest_pem;€;6712965,26;6434496,56;5934894,66;4972097,07;4958303,47;4868001,82;4771464,86;4738261,53;4688731,6;4672180,02;6038284,35;6038284,35;6038284,35;5802451,46;5776855,8;5776855,8;5776855,8;5776855,8;5776855,8;5776855,8;6038284,35;6038284,35;6038284,35;6038284,35;6038284,35;6038284,35;6038284,35;6038284,35;6038284,35;6038284,35;6038284,35;6038284,35;6038284,35;6038284,35;6038284,35;6038284,35;6038284,35;6038284,35;6038284,35;6038284,35;5231461,07;6038284,35;6073332,23;6199726,41;6417273,48;6388454,17;6362077,31;6339554,35;6321478,17;6296640,1;5779747,27;6038284,35;6038284,35;6038284,35;6038284,35;6058491,47;6065067,75;6065067,75;6065067,75;6063044,76;6226618,15;6038284,35;6038284,35;5339659,8;5484396,17;5566913,39;5589203,3;5589203,3;5691230,21;5709841,66
;calc_opex_fix_pem;€/a;201388,96;193034,9;178046,84;149162,91;148749,1;146040,05;143143,95;142147,85;140661,95;140165,4;181148,53;181148,53;181148,53;174073,54;173305,67;173305,67;173305,67;173305,67;173305,67;173305,67;181148,53;181148,53;181148,53;181148,53;181148,53;181148,53;181148,53;181148,53;181148,53;181148,53;181148,53;181148,53;181148,53;181148,53;181148,53;181148,53;181148,53;181148,53;181148,53;181148,53;156943,83;181148,53;182199,97;185991,79;192518,2;191653,63;190862,32;190186,63;189644,35;188899,2;173392,42;181148,53;181148,53;181148,53;181148,53;181754,74;181952,03;181952,03;181952,03;181891,34;186798,54;181148,53;181148,53;160189,79;164531,89;167007,4;167676,1;167676,1;170736,91;171295,25
;calc_annuity_pem;€/a;410542,92;560988,73;697110,5;794349,54;972052,04;1137751,53;1299199,91;1522145,39;1691553,38;1871108,35;615012,6;615012,6;615012,6;590992,5;588385,52;588385,52;588385,52;588385,52;588385,52;588385,52;615012,6;615012,6;615012,6;615012,6;615012,6;615012,6;615012,6;615012,6;615012,6;615012,6;615012,6;615012,6;615012,6;615012,6;615012,6;615012,6;615012,6;615012,6;615012,6;615012,6;532835,87;615012,6;618582,3;631455,83;653613,48;650678,17;647991,63;645697,61;643856,52;641326,7;588680,03;615012,6;615012,6;615012,6;615012,6;617070,74;617740,55;617740,55;617740,55;617534,5;634194,81;615012,6;615012,6;543856,14;558597,86;567002,43;569272,7;569272,7;579664,37;581559,98
;calc_verzinstinvest_pem;€;8210858,48;11219774,65;13942209,99;15886990,79;19441040,89;22755030,68;25983998,14;30442907,89;33831067,55;37422166,97;12300251,97;12300251,97;12300251,97;11819849,95;11767710,47;11767710,47;11767710,47;11767710,47;11767710,47;11767710,47;12300251,97;12300251,97;12300251,97;12300251,97;12300251,97;12300251,97;12300251,97;12300251,97;12300251,97;12300251,97;12300251,97;12300251,97;12300251,97;12300251,97;12300251,97;12300251,97;12300251,97;12300251,97;12300251,97;12300251,97;10656717,31;12300251,97;12371646,04;12629116,57;13072269,58;13013563,37;12959832,53;12913952,26;12877130,3;12826534,05;11773600,51;12300251,97;12300251,97;12300251,97;12300251,97;12341414,77;12354810,93;12354810,93;12354810,93;12350690,02;12683896,25;12300251,97;12300251,97;10877122,9;11171957,28;11340048,51;11385454,03;11385454,03;11593287,36;11631199,7
;calc_cost_pem;€/a;611931,88;754023,63;875157,34;943512,45;1120801,15;1283791,59;1442343,85;1664293,24;1832215,33;2011273,75;796161,13;796161,13;796161,13;765066,04;761691,2;761691,2;761691,2;761691,2;761691,2;761691,2;796161,13;796161,13;796161,13;796161,13;796161,13;796161,13;796161,13;796161,13;796161,13;796161,13;796161,13;796161,13;796161,13;796161,13;796161,13;796161,13;796161,13;796161,13;796161,13;796161,13;689779,7;796161,13;800782,27;817447,62;846131,68;842331,79;838853,95;835884,24;833500,86;830225,91;762072,44;796161,13;796161,13;796161,13;796161,13;798825,48;799692,58;799692,58;799692,58;799425,84;820993,36;796161,13;796161,13;704045,94;723129,75;734009,83;736948,8;736948,8;750401,27;752855,23
;;;;;;;;;;;;;;;;;;;;;;;;;;;;;;;;;;;;;;;;;;;;;;;;;;;;;;;;;;;;;;;;;;;;;;;;
;annuity_hb;€ h/ kg a;849,67;849,67;849,67;849,67;849,67;849,67;849,67;849,67;849,67;849,67;849,67;849,67;849,67;849,67;849,67;849,67;849,67;849,67;849,67;849,67;464,57;709,52;999,22;1403,12;1745,86;2097,96;2455,14;2905,21;3266,7;3628,81;849,67;849,67;849,67;849,67;849,67;849,67;849,67;849,67;849,67;849,67;849,67;849,67;849,67;849,67;849,67;849,67;849,67;849,67;849,67;849,67;849,67;849,67;849,67;849,67;849,67;849,67;849,67;849,67;849,67;849,67;849,67;849,67;849,67;849,67;849,67;849,67;849,67;849,67;849,67;849,67
;result_hb_flowsum_nh3out;kg_NH3/a;2500104,0;2500104,0;2500104,0;2500104,0;2500104,0;2500104,0;2500104,0;2500104,0;2500104,0;2500104,0;2500104,0;2500104,0;2500104,0;2500104,0;2500104,0;2500104,0;2500104,0;2500104,0;2500104,0;2500104,0;2500104,0;2500104,0;2500104,0;2500104,0;2500104,0;2500104,0;2500104,0;2500104,0;2500104,0;2500104,0;2500104,0;2500104,0;2500104,0;2500104,0;2500104,0;2500104,0;2500104,0;2500104,0;2500104,0;2500104,0;2500104,0;2500104,0;2500104,0;2500104,0;2500104,0;2500104,0;2500104,0;2500104,0;2500104,0;2500104,0;2500104,0;2500104,0;2500104,0;2500104,0;2500104,0;2500104,0;2500104,0;2500104,0;2500104,0;2500104,0;2500104,0;2500104,0;2500104,0;2500104,0;2500104,0;2500104,0;2500104,0;2500104,0;2500104,0;2500104,0
;result_hb_flowsum_h2in;kg_H2/a;445018,51;445018,51;445018,51;445018,51;445018,51;445018,51;445018,51;445018,51;445018,51;445018,51;445018,51;445018,51;445018,51;445018,51;445018,51;445018,51;445018,51;445018,51;445018,51;445018,51;445018,51;445018,51;445018,51;445018,51;445018,51;445018,51;445018,51;445018,51;445018,51;445018,51;445018,51;445018,51;445018,51;445018,51;445018,51;445018,51;445018,51;445018,51;445018,51;445018,51;445018,51;445018,51;445018,51;445018,51;445018,51;445018,51;445018,51;445018,51;445018,51;445018,51;445018,51;445018,51;445018,51;445018,51;445018,51;445018,51;445018,51;445018,51;445018,51;445018,51;445018,51;445018,51;445018,51;445018,51;445018,51;445018,51;445018,51;445018,51;445018,51;445018,51
;result_hb_flowsum_n2in;kg_N2/a;2055085,49;2055085,49;2055085,49;2055085,49;2055085,49;2055085,49;2055085,49;2055085,49;2055085,49;2055085,49;2055085,49;2055085,49;2055085,49;2055085,49;2055085,49;2055085,49;2055085,49;2055085,49;2055085,49;2055085,49;2055085,49;2055085,49;2055085,49;2055085,49;2055085,49;2055085,49;2055085,49;2055085,49;2055085,49;2055085,49;2055085,49;2055085,49;2055085,49;2055085,49;2055085,49;2055085,49;2055085,49;2055085,49;2055085,49;2055085,49;2055085,49;2055085,49;2055085,49;2055085,49;2055085,49;2055085,49;2055085,49;2055085,49;2055085,49;2055085,49;2055085,49;2055085,49;2055085,49;2055085,49;2055085,49;2055085,49;2055085,49;2055085,49;2055085,49;2055085,49;2055085,49;2055085,49;2055085,49;2055085,49;2055085,49;2055085,49;2055085,49;2055085,49;2055085,49;2055085,49
;result_hb_flowsum_elin;MWh/a;4500,19;4500,19;4500,19;4500,19;4500,19;4500,19;4500,19;4500,19;4500,19;4500,19;4500,19;4500,19;4500,19;4500,19;4500,19;4500,19;4500,19;4500,19;4500,19;4500,19;4500,19;4500,19;4500,19;4500,19;4500,19;4500,19;4500,19;4500,19;4500,19;4500,19;4500,19;4500,19;4500,19;4500,19;4500,19;4500,19;4500,19;4500,19;4500,19;4500,19;4500,19;4500,19;4500,19;4500,19;4500,19;4500,19;4500,19;4500,19;4500,19;4500,19;4500,19;4500,19;4500,19;4500,19;4500,19;4500,19;4500,19;4500,19;4500,19;4500,19;4500,19;4500,19;4500,19;4500,19;4500,19;4500,19;4500,19;4500,19;4500,19;4500,19
;calc_gesamtinvest_hb;€;2588578,0;2588578,0;2588578,0;2588578,0;2588578,0;2588578,0;2588578,0;2588578,0;2588578,0;2588578,0;2588578,0;2588578,0;2588578,0;2588578,0;2588578,0;2588578,0;2588578,0;2588578,0;2588578,0;2588578,0;2588578,0;2588578,0;2588578,0;2588578,0;2588578,0;2588578,0;2588578,0;2588578,0;2588578,0;2588578,0;2588578,0;2588578,0;2588578,0;2588578,0;2588578,0;2588578,0;2588578,0;2588578,0;2588578,0;2588578,0;2588578,0;2588578,0;2588578,0;2588578,0;2588578,0;2588578,0;2588578,0;2588578,0;2588578,0;2588578,0;2588578,0;2588578,0;2588578,0;2588578,0;2588578,0;2588578,0;2588578,0;2588578,0;2588578,0;2588578,0;2588578,0;2588578,0;2588578,0;2588578,0;2588578,0;2588578,0;2588578,0;2588578,0;2588578,0;2588578,0
;calc_opex_fix_hb;€/a;129428,9;129428,9;129428,9;129428,9;129428,9;129428,9;129428,9;129428,9;129428,9;129428,9;129428,9;129428,9;129428,9;129428,9;129428,9;129428,9;129428,9;129428,9;129428,9;129428,9;129428,9;129428,9;129428,9;129428,9;129428,9;129428,9;129428,9;129428,9;129428,9;129428,9;129428,9;129428,9;129428,9;129428,9;129428,9;129428,9;129428,9;129428,9;129428,9;129428,9;129428,9;129428,9;129428,9;129428,9;129428,9;129428,9;129428,9;129428,9;129428,9;129428,9;129428,9;129428,9;129428,9;129428,9;129428,9;129428,9;129428,9;129428,9;129428,9;129428,9;129428,9;129428,9;129428,9;129428,9;129428,9;129428,9;129428,9;129428,9;129428,9;129428,9
;calc_annuity_hb;€/a;242494,83;242494,83;242494,83;242494,83;242494,83;242494,83;242494,83;242494,83;242494,83;242494,83;242494,83;242494,83;242494,83;242494,83;242494,83;242494,83;242494,83;242494,83;242494,83;242494,83;132588,1;202495,96;285178,65;400451,47;498268,39;598758,45;700696,13;829147,16;932315,73;1035661,35;242494,83;242494,83;242494,83;242494,83;242494,83;242494,83;242494,83;242494,83;242494,83;242494,83;242494,83;242494,83;242494,83;242494,83;242494,83;242494,83;242494,83;242494,83;242494,83;242494,83;242494,83;242494,83;242494,83;242494,83;242494,83;242494,83;242494,83;242494,83;242494,83;242494,83;242494,83;242494,83;242494,83;242494,83;242494,83;242494,83;242494,83;242494,83;242494,83;242494,83
;calc_verzinstinvest_hb;€;6062370,66;6062370,66;6062370,66;6062370,66;6062370,66;6062370,66;6062370,66;6062370,66;6062370,66;6062370,66;6062370,66;6062370,66;6062370,66;6062370,66;6062370,66;6062370,66;6062370,66;6062370,66;6062370,66;6062370,66;3314702,5;5062399,04;7129466,2;10011286,74;12456709,7;14968961,2;17517403,21;20728679,03;23307893,29;25891533,83;6062370,66;6062370,66;6062370,66;6062370,66;6062370,66;6062370,66;6062370,66;6062370,66;6062370,66;6062370,66;6062370,66;6062370,66;6062370,66;6062370,66;6062370,66;6062370,66;6062370,66;6062370,66;6062370,66;6062370,66;6062370,66;6062370,66;6062370,66;6062370,66;6062370,66;6062370,66;6062370,66;6062370,66;6062370,66;6062370,66;6062370,66;6062370,66;6062370,66;6062370,66;6062370,66;6062370,66;6062370,66;6062370,66;6062370,66;6062370,66
;calc_cost_hb;€/a;371923,73;371923,73;371923,73;371923,73;371923,73;371923,73;371923,73;371923,73;371923,73;371923,73;371923,73;371923,73;371923,73;371923,73;371923,73;371923,73;371923,73;371923,73;371923,73;371923,73;262017,0;331924,86;414607,55;529880,37;627697,29;728187,35;830125,03;958576,06;1061744,63;1165090,25;371923,73;371923,73;371923,73;371923,73;371923,73;371923,73;371923,73;371923,73;371923,73;371923,73;371923,73;371923,73;371923,73;371923,73;371923,73;371923,73;371923,73;371923,73;371923,73;371923,73;371923,73;371923,73;371923,73;371923,73;371923,73;371923,73;371923,73;371923,73;371923,73;371923,73;371923,73;371923,73;371923,73;371923,73;371923,73;371923,73;371923,73;371923,73;371923,73;371923,73
;;;;;;;;;;;;;;;;;;;;;;;;;;;;;;;;;;;;;;;;;;;;;;;;;;;;;;;;;;;;;;;;;;;;;;;;
;annuity_asu;€ h/ kg a;186,42;186,42;186,42;186,42;186,42;186,42;186,42;186,42;186,42;186,42;186,42;186,42;186,42;186,42;186,42;186,42;186,42;186,42;186,42;186,42;186,42;186,42;186,42;186,42;186,42;186,42;186,42;186,42;186,42;186,42;101,93;155,67;219,23;307,85;383,05;460,3;538,67;637,42;716,73;796,18;186,42;186,42;186,42;186,42;186,42;186,42;186,42;186,42;186,42;186,42;186,42;186,42;186,42;186,42;186,42;186,42;186,42;186,42;186,42;186,42;186,42;186,42;186,42;186,42;186,42;186,42;186,42;186,42;186,42;186,42
;result_asu_leistung;kW_el;56,3;56,3;56,3;56,3;56,3;56,3;56,3;56,3;56,3;56,3;56,3;56,3;56,3;56,3;56,3;56,3;56,3;56,3;56,3;56,3;56,3;56,3;56,3;56,3;56,3;56,3;56,3;56,3;56,3;56,3;56,3;56,3;56,3;56,3;56,3;56,3;56,3;56,3;56,3;56,3;56,3;56,3;56,3;56,3;56,3;56,3;56,3;56,3;56,3;56,3;56,3;56,3;56,3;56,3;56,3;56,3;56,3;56,3;56,3;56,3;56,3;56,3;56,3;56,3;56,3;56,3;56,3;56,3;56,3;56,3
;result_asu_flowsum_elin;MWh/a;493,22;493,22;493,22;493,22;493,22;493,22;493,22;493,22;493,22;493,22;493,22;493,22;493,22;493,22;493,22;493,22;493,22;493,22;493,22;493,22;493,22;493,22;493,22;493,22;493,22;493,22;493,22;493,22;493,22;493,22;493,22;493,22;493,22;493,22;493,22;493,22;493,22;493,22;493,22;493,22;493,22;493,22;493,22;493,22;493,22;493,22;493,22;493,22;493,22;493,22;493,22;493,22;493,22;493,22;493,22;493,22;493,22;493,22;493,22;493,22;493,22;493,22;493,22;493,22;493,22;493,22;493,22;493,22;493,22;493,22
;result_asu_flowsum_n2out;kg_N2/a;2055085,49;2055085,49;2055085,49;2055085,49;2055085,49;2055085,49;2055085,49;2055085,49;2055085,49;2055085,49;2055085,49;2055085,49;2055085,49;2055085,49;2055085,49;2055085,49;2055085,49;2055085,49;2055085,49;2055085,49;2055085,49;2055085,49;2055085,49;2055085,49;2055085,49;2055085,49;2055085,49;2055085,49;2055085,49;2055085,49;2055085,49;2055085,49;2055085,49;2055085,49;2055085,49;2055085,49;2055085,49;2055085,49;2055085,49;2055085,49;2055085,49;2055085,49;2055085,49;2055085,49;2055085,49;2055085,49;2055085,49;2055085,49;2055085,49;2055085,49;2055085,49;2055085,49;2055085,49;2055085,49;2055085,49;2055085,49;2055085,49;2055085,49;2055085,49;2055085,49;2055085,49;2055085,49;2055085,49;2055085,49;2055085,49;2055085,49;2055085,49;2055085,49;2055085,49;2055085,49
;calc_gesamtinvest_asu;€;466851,61;466851,61;466851,61;466851,61;466851,61;466851,61;466851,61;466851,61;466851,61;466851,61;466851,61;466851,61;466851,61;466851,61;466851,61;466851,61;466851,61;466851,61;466851,61;466851,61;466851,61;466851,61;466851,61;466851,61;466851,61;466851,61;466851,61;466851,61;466851,61;466851,61;466851,61;466851,61;466851,61;466851,61;466851,61;466851,61;466851,61;466851,61;466851,61;466851,61;466851,61;466851,61;466851,61;466851,61;466851,61;466851,61;466851,61;466851,61;466851,61;466851,61;466851,61;466851,61;466851,61;466851,61;466851,61;466851,61;466851,61;466851,61;466851,61;466851,61;466851,61;466851,61;466851,61;466851,61;466851,61;466851,61;466851,61;466851,61;466851,61;466851,61
;calc_opex_fix_asu;€/a;23342,58;23342,58;23342,58;23342,58;23342,58;23342,58;23342,58;23342,58;23342,58;23342,58;23342,58;23342,58;23342,58;23342,58;23342,58;23342,58;23342,58;23342,58;23342,58;23342,58;23342,58;23342,58;23342,58;23342,58;23342,58;23342,58;23342,58;23342,58;23342,58;23342,58;23342,58;23342,58;23342,58;23342,58;23342,58;23342,58;23342,58;23342,58;23342,58;23342,58;23342,58;23342,58;23342,58;23342,58;23342,58;23342,58;23342,58;23342,58;23342,58;23342,58;23342,58;23342,58;23342,58;23342,58;23342,58;23342,58;23342,58;23342,58;23342,58;23342,58;23342,58;23342,58;23342,58;23342,58;23342,58;23342,58;23342,58;23342,58;23342,58;23342,58
;calc_annuity_asu;€/a;43734,09;43734,09;43734,09;43734,09;43734,09;43734,09;43734,09;43734,09;43734,09;43734,09;43734,09;43734,09;43734,09;43734,09;43734,09;43734,09;43734,09;43734,09;43734,09;43734,09;43734,09;43734,09;43734,09;43734,09;43734,09;43734,09;43734,09;43734,09;43734,09;43734,09;23912,34;36520,27;51432,14;72221,67;89863,01;107986,45;126370,97;149537,19;168143,71;186782,15;43734,09;43734,09;43734,09;43734,09;43734,09;43734,09;43734,09;43734,09;43734,09;43734,09;43734,09;43734,09;43734,09;43734,09;43734,09;43734,09;43734,09;43734,09;43734,09;43734,09;43734,09;43734,09;43734,09;43734,09;43734,09;43734,09;43734,09;43734,09;43734,09;43734,09
;calc_verzinstinvest_asu;€;1093352,23;1093352,23;1093352,23;1093352,23;1093352,23;1093352,23;1093352,23;1093352,23;1093352,23;1093352,23;1093352,23;1093352,23;1093352,23;1093352,23;1093352,23;1093352,23;1093352,23;1093352,23;1093352,23;1093352,23;1093352,23;1093352,23;1093352,23;1093352,23;1093352,23;1093352,23;1093352,23;1093352,23;1093352,23;1093352,23;597808,61;913006,74;1285803,55;1805541,63;2246575,15;2699661,23;3159274,29;3738429,83;4203592,69;4669553,83;1093352,23;1093352,23;1093352,23;1093352,23;1093352,23;1093352,23;1093352,23;1093352,23;1093352,23;1093352,23;1093352,23;1093352,23;1093352,23;1093352,23;1093352,23;1093352,23;1093352,23;1093352,23;1093352,23;1093352,23;1093352,23;1093352,23;1093352,23;1093352,23;1093352,23;1093352,23;1093352,23;1093352,23;1093352,23;1093352,23
;calc_cost_asu;€/a;67076,67;67076,67;67076,67;67076,67;67076,67;67076,67;67076,67;67076,67;67076,67;67076,67;67076,67;67076,67;67076,67;67076,67;67076,67;67076,67;67076,67;67076,67;67076,67;67076,67;67076,67;67076,67;67076,67;67076,67;67076,67;67076,67;67076,67;67076,67;67076,67;67076,67;47254,92;59862,85;74774,72;95564,25;113205,59;131329,03;149713,55;172879,77;191486,29;210124,73;67076,67;67076,67;67076,67;67076,67;67076,67;67076,67;67076,67;67076,67;67076,67;67076,67;67076,67;67076,67;67076,67;67076,67;67076,67;67076,67;67076,67;67076,67;67076,67;67076,67;67076,67;67076,67;67076,67;67076,67;67076,67;67076,67;67076,67;67076,67;67076,67;67076,67
;;;;;;;;;;;;;;;;;;;;;;;;;;;;;;;;;;;;;;;;;;;;;;;;;;;;;;;;;;;;;;;;;;;;;;;;
;annuity_h2s;€/ kg a;39,32;39,32;39,32;39,32;39,32;39,32;39,32;39,32;39,32;39,32;39,32;39,32;39,32;39,32;39,32;39,32;39,32;39,32;39,32;39,32;39,32;39,32;39,32;39,32;39,32;39,32;39,32;39,32;39,32;39,32;39,32;39,32;39,32;39,32;39,32;39,32;39,32;39,32;39,32;39,32;27,15;36,06;46,25;53,68;65,6;73,98;87,07;100,62;109,86;123,93;39,32;39,32;39,32;39,32;39,32;39,32;39,32;39,32;39,32;39,32;39,32;39,32;39,32;39,32;39,32;39,32;39,32;39,32;39,32;39,32
;result_h2s_kapa;kg;3448,39;3571,45;3765,37;5188,98;5178,4;5092,83;4962,22;4885,7;4783,05;4753,19;3750,85;3750,85;3750,85;3759,73;3753,46;3753,46;3753,46;3753,46;3753,46;3753,46;3750,85;3750,85;3750,85;3750,85;3750,85;3750,85;3750,85;3750,85;3750,85;3750,85;3750,85;3750,85;3750,85;3750,85;3750,85;3750,85;3750,85;3750,85;3750,85;3750,85;5427,11;3750,85;3735,4;3679,11;3399,96;3394,57;3389,64;3385,24;3381,83;3377,26;3752,19;3750,85;3750,85;3750,85;3750,85;3741,61;3737,76;3737,76;3737,76;3738,13;3364,12;3750,85;3750,85;5535,85;5647,23;5699,38;5711,39;5711,39;5825,73;5841,06
;result_h2s_flowsum_in;kg_H2/a;51127,93;51203,17;50843,19;54733,52;54489,3;52707,47;50640,33;49750,92;48377,35;47866,52;51163,88;51163,88;51163,88;49342,81;49060,62;49060,62;49060,62;49060,62;49060,62;49060,62;51163,88;51163,88;51163,88;51163,88;51163,88;51163,88;51163,88;51163,88;51163,88;51163,88;51163,88;51163,88;51163,88;51163,88;51163,88;51163,88;51163,88;51163,88;51163,88;51163,88;58210,44;51163,88;51175,78;51203,54;49642,62;49481,23;49334,32;49205,27;49103,61;48966,16;49061,99;51163,88;51163,88;51163,88;51163,88;50850,01;50703,85;50703,85;50703,85;50698,6;48577,29;51163,88;51163,88;59272,69;60489,36;61087,94;61234,5;61234,5;61908,3;61999,92
;result_h2s_flowsum_out;kg_H2/a;35452,53;35503,74;35251,6;37906,36;37736,88;36500,53;35066,39;34449,86;33497,01;33142,09;35474,39;35474,39;35474,39;34207,76;34011,55;34011,55;34011,55;34011,55;34011,55;34011,55;35474,39;35474,39;35474,39;35474,39;35474,39;35474,39;35474,39;35474,39;35474,39;35474,39;35474,39;35474,39;35474,39;35474,39;35474,39;35474,39;35474,39;35474,39;35474,39;35474,39;40317,92;35474,39;35482,91;35503,0;34423,48;34311,62;34209,79;34120,33;34049,87;33954,59;34012,52;35474,39;35474,39;35474,39;35474,39;35257,26;35156,11;35156,11;35156,11;35152,46;33684,96;35474,39;35474,39;41053,38;41895,87;42310,33;42411,8;42411,8;42877,49;42940,88
;calc_gesamtinvest_h2s;€;1689712,66;1750010,41;1845032,71;2542602,05;2537415,13;2495485,23;2431486,15;2393994,81;2343693,87;2329065,13;1837918,85;1837918,85;1837918,85;1842268,49;1839195,45;1839195,45;1839195,45;1839195,45;1839195,45;1839195,45;1837918,85;1837918,85;1837918,85;1837918,85;1837918,85;1837918,85;1837918,85;1837918,85;1837918,85;1837918,85;1837918,85;1837918,85;1837918,85;1837918,85;1837918,85;1837918,85;1837918,85;1837918,85;1837918,85;1837918,85;2659286,1;1837918,85;1830345,12;1802761,69;1665980,41;1663339,39;1660922,2;1658768,37;1657094,54;1654855,25;1838573,18;1837918,85;1837918,85;1837918,85;1837918,85;1833387,76;1831501,54;1831501,54;1831501,54;1831685,35;1648416,59;1837918,85;1837918,85;2712565,63;2767141,04;2792697,47;2798580,34;2798580,34;2854606,41;2862119,5
;calc_opex_fix_h2s;€/a;16897,13;17500,1;18450,33;25426,02;25374,15;24954,85;24314,86;23939,95;23436,94;23290,65;18379,19;18379,19;18379,19;18422,68;18391,95;18391,95;18391,95;18391,95;18391,95;18391,95;18379,19;18379,19;18379,19;18379,19;18379,19;18379,19;18379,19;18379,19;18379,19;18379,19;18379,19;18379,19;18379,19;18379,19;18379,19;18379,19;18379,19;18379,19;18379,19;18379,19;26592,86;18379,19;18303,45;18027,62;16659,8;16633,39;16609,22;16587,68;16570,95;16548,55;18385,73;18379,19;18379,19;18379,19;18379,19;18333,88;18315,02;18315,02;18315,02;18316,85;16484,17;18379,19;18379,19;27125,66;27671,41;27926,97;27985,8;27985,8;28546,06;28621,19
;calc_annuity_h2s;€/a;135586,92;140425,36;148050,2;204024,97;203608,75;200244,19;195108,74;192100,34;188064,06;186890,21;147479,36;147479,36;147479,36;147828,39;147581,8;147581,8;147581,8;147581,8;147581,8;147581,8;147479,36;147479,36;147479,36;147479,36;147479,36;147479,36;147479,36;147479,36;147479,36;147479,36;147479,36;147479,36;147479,36;147479,36;147479,36;147479,36;147479,36;147479,36;147479,36;147479,36;147365,18;135237,29;172771,63;197486,19;223039,42;251140,96;295129,86;340638,92;371523,69;418539,24;147531,87;147479,36;147479,36;147479,36;147479,36;147115,78;146964,42;146964,42;146964,42;146979,17;132273,21;147479,36;147479,36;217663,28;222042,56;224093,27;224565,33;224565,33;229061,0;229663,87
;calc_verzinstinvest_h2s;€;2711738,3;2808507,26;2961003,96;4080499,33;4072175,09;4004883,83;3902174,79;3842006,75;3761281,19;3737804,24;2949587,27;2949587,27;2949587,27;2956567,8;2951636,03;2951636,03;2951636,03;2951636,03;2951636,03;2951636,03;2949587,27;2949587,27;2949587,27;2949587,27;2949587,27;2949587,27;2949587,27;2949587,27;2949587,27;2949587,27;2949587,27;2949587,27;2949587,27;2949587,27;2949587,27;2949587,27;2949587,27;2949587,27;2949587,27;2949587,27;2947303,53;2704745,72;3455432,62;3949723,78;4460788,49;5022819,27;5902597,25;6812778,34;7430473,88;8370784,85;2950637,38;2949587,27;2949587,27;2949587,27;2949587,27;2942315,54;2939288,44;2939288,44;2939288,44;2939583,42;2645464,23;2949587,27;2949587,27;4353265,69;4440851,12;4481865,41;4491306,54;4491306,54;4581220,07;4593277,47
;calc_cost_h2s;€/a;152484,04;157925,47;166500,52;229450,99;228982,91;225199,04;219423,6;216040,29;211501,0;210180,86;165858,55;165858,55;165858,55;166251,07;165973,76;165973,76;165973,76;165973,76;165973,76;165973,76;165858,55;165858,55;165858,55;165858,55;165858,55;165858,55;165858,55;165858,55;165858,55;165858,55;165858,55;165858,55;165858,55;165858,55;165858,55;165858,55;165858,55;165858,55;165858,55;165858,55;173958,04;153616,47;191075,08;215513,81;239699,23;267774,36;311739,08;357226,6;388094,64;435087,79;165917,6;165858,55;165858,55;165858,55;165858,55;165449,65;165279,44;165279,44;165279,44;165296,02;148757,38;165858,55;165858,55;244788,94;249713,97;252020,25;252551,13;252551,13;257607,07;258285,07
;;;;;;;;;;;;;;;;;;;;;;;;;;;;;;;;;;;;;;;;;;;;;;;;;;;;;;;;;;;;;;;;;;;;;;;;
;annuity_bat_leistung;€/ kWa;55,74;55,74;55,74;55,74;55,74;55,74;55,74;55,74;55,74;55,74;55,74;55,74;55,74;55,74;55,74;55,74;55,74;55,74;55,74;55,74;55,74;55,74;55,74;55,74;55,74;55,74;55,74;55,74;55,74;55,74;55,74;55,74;55,74;55,74;55,74;55,74;55,74;55,74;55,74;55,74;55,74;55,74;55,74;55,74;55,74;55,74;55,74;55,74;55,74;55,74;35,52;49,54;65,61;83,27;105,97;125,72;145,97;166,55;191,53;212,49;55,74;55,74;55,74;55,74;55,74;55,74;55,74;55,74;55,74;55,74
;annuity_bat_kapa;€/ kWh a;13,94;13,94;13,94;13,94;13,94;13,94;13,94;13,94;13,94;13,94;13,94;13,94;13,94;13,94;13,94;13,94;13,94;13,94;13,94;13,94;13,94;13,94;13,94;13,94;13,94;13,94;13,94;13,94;13,94;13,94;13,94;13,94;13,94;13,94;13,94;13,94;13,94;13,94;13,94;13,94;13,94;13,94;13,94;13,94;13,94;13,94;13,94;13,94;13,94;13,94;8,88;12,38;16,4;20,82;26,49;31,43;36,49;41,64;47,88;53,12;13,94;13,94;13,94;13,94;13,94;13,94;13,94;13,94;13,94;13,94
;result_bat_kapa;kWh;8796,12;8798,18;8787,67;8885,61;8880,12;8837,15;8779,79;8752,64;8957,41;9407,41;8797,0;8797,0;8797,0;12203,11;12799,55;12799,55;12799,55;12799,55;12799,55;12799,55;8797,0;8797,0;8797,0;8797,0;8797,0;8797,0;8797,0;8797,0;8797,0;8797,0;8797,0;8797,0;8797,0;8797,0;8797,0;8797,0;8797,0;8797,0;8797,0;8797,0;8956,48;8797,0;8797,34;8798,15;8751,47;8746,51;8741,96;8737,91;8734,68;8730,29;12799,65;8797,0;8797,0;8797,0;8797,0;8535,79;8449,0;8449,0;8449,0;8448,83;8717,65;8797,0;8797,0;8975,85;8996,94;9006,92;9009,36;9009,36;9020,38;9021,87
;result_bat_leistung;kW;2199,03;2199,54;2196,92;2221,4;2220,03;2209,29;2194,95;2188,16;2239,35;2351,85;2199,25;2199,25;2199,25;3050,78;3199,89;3199,89;3199,89;3199,89;3199,89;3199,89;2199,25;2199,25;2199,25;2199,25;2199,25;2199,25;2199,25;2199,25;2199,25;2199,25;2199,25;2199,25;2199,25;2199,25;2199,25;2199,25;2199,25;2199,25;2199,25;2199,25;2239,12;2199,25;2199,34;2199,54;2187,87;2186,63;2185,49;2184,48;2183,67;2182,57;3199,91;2199,25;2199,25;2199,25;2199,25;2133,95;2112,25;2112,25;2112,25;2112,21;2179,41;2199,25;2199,25;2243,96;2249,23;2251,73;2252,34;2252,34;2255,1;2255,47
;result_bat_flowsum_out;MWh/a;1046,73;1024,92;1001,26;938,89;934,9;898,52;850,57;830,08;822,92;849,99;1005,35;1005,35;1005,35;1249,71;1289,73;1289,73;1289,73;1289,73;1289,73;1289,73;1005,35;1005,35;1005,35;1005,35;1005,35;1005,35;1005,35;1005,35;1005,35;1005,35;1005,35;1005,35;1005,35;1005,35;1005,35;1005,35;1005,35;1005,35;1005,35;1005,35;976,47;1005,35;1005,78;1011,52;1010,64;1009,35;1008,88;1008,94;1008,77;1008,69;1289,67;1005,35;1005,35;1005,35;1005,35;985,64;978,88;978,88;978,88;978,8;1004,03;1005,35;1005,35;985,42;1005,54;1016,33;1020,7;1020,7;1043,48;1047,04
;result_bat_flowsum_in;MWh/a;1198,72;1173,7;1146,49;1074,94;1070,37;1028,65;973,7;950,23;942,01;973,01;1151,23;1151,23;1151,23;1431,28;1477,16;1477,16;1477,16;1477,16;1477,16;1477,16;1151,23;1151,23;1151,23;1151,23;1151,23;1151,23;1151,23;1151,23;1151,23;1151,23;1151,23;1151,23;1151,23;1151,23;1151,23;1151,23;1151,23;1151,23;1151,23;1151,23;1118,18;1151,23;1151,73;1158,32;1157,33;1155,82;1155,26;1155,32;1155,11;1155,01;1477,09;1151,23;1151,23;1151,23;1151,23;1128,62;1120,87;1120,87;1120,87;1120,79;1149,62;1151,23;1151,23;1128,44;1151,55;1163,93;1168,94;1168,94;1195,08;1199,16
;calc_gesamtinvest_bat;€;1864778,32;1865213,32;1862986,47;1883750,25;1882585,04;1873474,94;1861315,58;1855560,6;1898971,61;1994370,74;1864964,1;1864964,1;1864964,1;2587059,94;2713505,38;2713505,38;2713505,38;2713505,38;2713505,38;2713505,38;1864964,1;1864964,1;1864964,1;1864964,1;1864964,1;1864964,1;1864964,1;1864964,1;1864964,1;1864964,1;1864964,1;1864964,1;1864964,1;1864964,1;1864964,1;1864964,1;1864964,1;1864964,1;1864964,1;1864964,1;1898774,33;1864964,1;1865036,48;1865207,02;1855312,48;1854259,09;1853294,97;1852435,89;1851752,76;1850821,09;2713525,49;1864964,1;1864964,1;1864964,1;1864964,1;1809587,5;1791187,95;1791187,95;1791187,95;1791151,75;1848142,19;1864964,1;1864964,1;1902879,25;1907350,57;1909467,17;1909983,42;1909983,42;1912320,8;1912636,07
;calc_opex_fix_bat;€/a;23309,73;23315,17;23287,33;23546,88;23532,31;23418,44;23266,44;23194,51;23737,15;24929,63;23312,05;23312,05;23312,05;32338,25;33918,82;33918,82;33918,82;33918,82;33918,82;33918,82;23312,05;23312,05;23312,05;23312,05;23312,05;23312,05;23312,05;23312,05;23312,05;23312,05;23312,05;23312,05;23312,05;23312,05;23312,05;23312,05;23312,05;23312,05;23312,05;23312,05;23734,68;23312,05;23312,96;23315,09;23191,41;23178,24;23166,19;23155,45;23146,91;23135,26;33919,07;23312,05;23312,05;23312,05;23312,05;22619,84;22389,85;22389,85;22389,85;22389,4;23101,78;23312,05;23312,05;23785,99;23841,88;23868,34;23874,79;23874,79;23904,01;23907,95
;calc_annuity_bat;€/a;245169,45;245226,64;244933,87;247663,76;247510,57;246312,83;244714,19;243957,56;249664,97;262207,45;245193,87;245193,87;245193,87;340130,54;356754,8;356754,8;356754,8;356754,8;356754,8;356754,8;245193,87;245193,87;245193,87;245193,87;245193,87;245193,87;245193,87;245193,87;245193,87;245193,87;245193,87;245193,87;245193,87;245193,87;245193,87;245193,87;245193,87;245193,87;245193,87;245193,87;249639,03;245193,87;245203,39;245225,81;243924,94;243786,45;243659,69;243546,74;243456,93;243334,44;227302,75;217882,91;288587,86;366284,14;466090,23;536550,05;616650,48;703599,51;809107,03;897625,75;242982,23;245193,87;245193,87;250178,72;250766,58;251044,86;251112,73;251112,73;251420,04;251461,49
;calc_verzinstinvest_bat;€;3677541,73;3678399,6;3674008,02;3714956,4;3712658,49;3694692,39;3670712,84;3659363,41;3744974,54;3933111,8;3677908,11;3677908,11;3677908,11;5101958,12;5351322,01;5351322,01;5351322,01;5351322,01;5351322,01;5351322,01;3677908,11;3677908,11;3677908,11;3677908,11;3677908,11;3677908,11;3677908,11;3677908,11;3677908,11;3677908,11;3677908,11;3677908,11;3677908,11;3677908,11;3677908,11;3677908,11;3677908,11;3677908,11;3677908,11;3677908,11;3744585,48;3677908,11;3678050,86;3678387,17;3658874,09;3656796,69;3654895,34;3653201,14;3651853,93;3650016,59;3409541,28;3268243,61;4328817,96;5494262,08;6991353,51;8048250,81;9249757,2;10553992,59;12136605,52;13464386,19;3644733,5;3677908,11;3677908,11;3752680,83;3761498,76;3765672,92;3766691,0;3766691,0;3771300,57;3771922,32
;calc_cost_bat;€/a;268479,18;268541,81;268221,2;271210,64;271042,88;269731,26;267980,63;267152,07;273402,11;287137,09;268505,93;268505,93;268505,93;372468,79;390673,62;390673,62;390673,62;390673,62;390673,62;390673,62;268505,93;268505,93;268505,93;268505,93;268505,93;268505,93;268505,93;268505,93;268505,93;268505,93;268505,93;268505,93;268505,93;268505,93;268505,93;268505,93;268505,93;268505,93;268505,93;268505,93;273373,71;268505,93;268516,35;268540,9;267116,35;266964,68;266825,88;266702,19;266603,84;266469,7;261221,82;241194,96;311899,92;389596,19;489402,29;559169,9;639040,33;725989,36;831496,88;920015,14;266084,01;268505,93;268505,93;273964,71;274608,47;274913,2;274987,53;274987,53;275324,05;275369,44
;;;;;;;;;;;;;;;;;;;;;;;;;;;;;;;;;;;;;;;;;;;;;;;;;;;;;;;;;;;;;;;;;;;;;;;;
;result_strombezug_flowsum;MWh/a;0,0;0,0;0,0;0,0;0,0;0,0;0,0;0,0;0,0;0,0;0,0;0,0;0,0;0,0;0,0;0,0;0,0;0,0;0,0;0,0;0,0;0,0;0,0;0,0;0,0;0,0;0,0;0,0;0,0;0,0;0,0;0,0;0,0;0,0;0,0;0,0;0,0;0,0;0,0;0,0;0,0;0,0;0,0;0,0;0,0;0,0;0,0;0,0;0,0;0,0;0,0;0,0;0,0;0,0;0,0;0,0;0,0;0,0;0,0;0,0;0,0;0,0;0,0;0,0;0,0;0,0;0,0;0,0;0,0;0,0
;calc_strombezug_kosten;€/a;0,0;0,0;0,0;0,0;0,0;0,0;0,0;0,0;0,0;0,0;0,0;0,0;0,0;0,0;0,0;0,0;0,0;0,0;0,0;0,0;0,0;0,0;0,0;0,0;0,0;0,0;0,0;0,0;0,0;0,0;0,0;0,0;0,0;0,0;0,0;0,0;0,0;0,0;0,0;0,0;0,0;0,0;0,0;0,0;0,0;0,0;0,0;0,0;0,0;0,0;0,0;0,0;0,0;0,0;0,0;0,0;0,0;0,0;0,0;0,0;0,0;0,0;0,0;0,0;0,0;0,0;0,0;0,0;0,0;0,0
;;;;;;;;;;;;;;;;;;;;;;;;;;;;;;;;;;;;;;;;;;;;;;;;;;;;;;;;;;;;;;;;;;;;;;;;
;annuity_pv;€/ kWa;80,41;80,41;80,41;80,41;80,41;80,41;80,41;80,41;80,41;80,41;49,95;70,41;94,39;121,18;150,07;170,17;201,21;232,98;265,22;297,76;80,41;80,41;80,41;80,41;80,41;80,41;80,41;80,41;80,41;80,41;80,41;80,41;80,41;80,41;80,41;80,41;80,41;80,41;80,41;80,41;80,41;80,41;80,41;80,41;80,41;80,41;80,41;80,41;80,41;80,41;80,41;80,41;80,41;80,41;80,41;80,41;80,41;80,41;80,41;80,41;80,41;80,41;80,41;80,41;80,41;80,41;80,41;80,41;80,41;80,41
;result_pv_leistung;kW;887,45;887,94;885,42;908,92;907,6;897,29;883,53;877,01;809,74;702,69;887,66;887,66;887,66;121,03;0,0;0,0;0,0;0,0;0,0;0,0;887,66;887,66;887,66;887,66;887,66;887,66;887,66;887,66;887,66;887,66;887,66;887,66;887,66;887,66;887,66;887,66;887,66;887,66;887,66;887,66;925,93;887,66;887,74;887,93;876,73;875,54;874,45;873,47;872,7;871,65;0,0;887,66;887,66;887,66;887,66;1060,55;1130,51;1130,51;1130,51;1130,5;868,61;887,66;887,66;930,58;935,64;938,03;938,62;938,62;941,26;941,62
;result_pv_flowsum_generation;MWh/a;971,47;972,01;969,25;994,98;993,53;982,24;967,18;960,04;886,4;769,22;971,7;971,7;971,7;132,49;0,0;0,0;0,0;0,0;0,0;0,0;971,7;971,7;971,7;971,7;971,7;971,7;971,7;971,7;971,7;971,7;971,7;971,7;971,7;971,7;971,7;971,7;971,7;971,7;971,7;971,7;1013,59;971,7;971,79;972,0;959,74;958,43;957,24;956,17;955,33;954,17;0,0;971,7;971,7;971,7;971,7;1160,96;1237,54;1237,54;1237,54;1237,53;950,85;971,7;971,7;1018,68;1024,22;1026,84;1027,48;1027,48;1030,38;1030,77
;calc_gesamtinvest_pv;€;976190,97;976732,63;973959,77;999814,76;998363,85;987019,97;971879,17;964713,09;890714,29;772957,21;976422,3;976422,3;976422,3;133134,52;0,0;0,0;0,0;0,0;0,0;0,0;976422,3;976422,3;976422,3;976422,3;976422,3;976422,3;976422,3;976422,3;976422,3;976422,3;976422,3;976422,3;976422,3;976422,3;976422,3;976422,3;976422,3;976422,3;976422,3;976422,3;1018522,7;976422,3;976512,44;976724,78;964404,14;963092,45;961891,93;960822,21;959971,57;958811,47;0,0;976422,3;976422,3;976422,3;976422,3;1166603,96;1243559,48;1243559,48;1243559,48;1243552,47;955475,7;976422,3;976422,3;1023634,14;1029201,82;1031837,4;1032480,23;1032480,23;1035390,73;1035783,31
;calc_opex_fix_pv;€/a;15832,04;15840,83;15795,86;16215,18;16191,65;16007,67;15762,11;15645,89;14445,77;12535,96;15835,79;15835,79;15835,79;2159,2;0,0;0,0;0,0;0,0;0,0;0,0;15835,79;15835,79;15835,79;15835,79;15835,79;15835,79;15835,79;15835,79;15835,79;15835,79;15835,79;15835,79;15835,79;15835,79;15835,79;15835,79;15835,79;15835,79;15835,79;15835,79;16518,59;15835,79;15837,26;15840,7;15640,88;15619,61;15600,14;15582,79;15568,99;15550,18;0,0;15835,79;15835,79;15835,79;15835,79;18920,2;20168,27;20168,27;20168,27;20168,16;15496,08;15835,79;15835,79;16601,48;16691,78;16734,53;16744,95;16744,95;16792,16;16798,52
;calc_opex_var_pv;€/a;0,0;0,0;0,0;0,0;0,0;0,0;0,0;0,0;0,0;0,0;0,0;0,0;0,0;0,0;0,0;0,0;0,0;0,0;0,0;0,0;0,0;0,0;0,0;0,0;0,0;0,0;0,0;0,0;0,0;0,0;0,0;0,0;0,0;0,0;0,0;0,0;0,0;0,0;0,0;0,0;0,0;0,0;0,0;0,0;0,0;0,0;0,0;0,0;0,0;0,0;0,0;0,0;0,0;0,0;0,0;0,0;0,0;0,0;0,0;0,0;0,0;0,0;0,0;0,0;0,0;0,0;0,0;0,0;0,0;0,0
;calc_annuity_pv;€/a;71360,31;71399,91;71197,21;73087,23;72981,16;72151,92;71045,11;70521,27;65111,9;56503,77;44336,17;62502,71;83787,3;14667,17;0,0;0,0;0,0;0,0;0,0;0,0;71377,22;71377,22;71377,22;71377,22;71377,22;71377,22;71377,22;71377,22;71377,22;71377,22;71377,22;71377,22;71377,22;71377,22;71377,22;71377,22;71377,22;71377,22;71377,22;71377,22;74454,79;71377,22;71383,81;71399,33;70498,68;70402,8;70315,04;70236,84;70174,66;70089,86;0,0;71377,22;71377,22;71377,22;71377,22;85279,65;90905,15;90905,15;90905,15;90904,64;69846,01;71377,22;71377,22;74828,44;75235,44;75428,11;75475,1;75475,1;75687,86;75716,56
;calc_verzinstinvest_pv;€;1784007,75;1784997,65;1779930,19;1827180,69;1824529,12;1803797,96;1776127,87;1763031,71;1627797,48;1412594,16;1108404,17;1562567,7;2094682,57;366679,35;0,0;0,0;0,0;0,0;0,0;0,0;1784430,52;1784430,52;1784430,52;1784430,52;1784430,52;1784430,52;1784430,52;1784430,52;1784430,52;1784430,52;1784430,52;1784430,52;1784430,52;1784430,52;1784430,52;1784430,52;1784430,52;1784430,52;1784430,52;1784430,52;1861369,81;1784430,52;1784595,24;1784983,3;1762467,09;1760069,96;1757875,99;1755921,05;1754366,5;1752246,38;0,0;1784430,52;1784430,52;1784430,52;1784430,52;2131991,16;2272628,84;2272628,84;2272628,84;2272616,03;1746150,21;1784430,52;1784430,52;1870711,06;1880886,1;1885702,68;1886877,46;1886877,46;1892196,45;1892913,9
;calc_cost_pv;€/a;87192,35;87240,73;86993,06;89302,41;89172,81;88159,59;86807,23;86167,16;79557,67;69039,73;60171,96;78338,5;99623,1;16826,37;0,0;0,0;0,0;0,0;0,0;0,0;87213,02;87213,02;87213,02;87213,02;87213,02;87213,02;87213,02;87213,02;87213,02;87213,02;87213,02;87213,02;87213,02;87213,02;87213,02;87213,02;87213,02;87213,02;87213,02;87213,02;90973,38;87213,02;87221,07;87240,03;86139,57;86022,41;85915,18;85819,63;85743,65;85640,03;0,0;87213,02;87213,02;87213,02;87213,02;104199,84;111073,43;111073,43;111073,43;111072,8;85342,09;87213,02;87213,02;91429,93;91927,23;92162,63;92220,05;92220,05;92480,01;92515,08
;;;;;;;;;;;;;;;;;;;;;;;;;;;;;;;;;;;;;;;;;;;;;;;;;;;;;;;;;;;;;;;;;;;;;;;;
;annuity_wkaon;€/ kWa;82,89;82,89;82,89;82,89;82,89;82,89;82,89;82,89;82,89;82,89;82,89;82,89;82,89;82,89;82,89;82,89;82,89;82,89;82,89;82,89;82,89;82,89;82,89;82,89;82,89;82,89;82,89;82,89;82,89;82,89;82,89;82,89;82,89;82,89;82,89;82,89;82,89;82,89;82,89;82,89;82,89;82,89;82,89;82,89;82,89;82,89;82,89;82,89;82,89;82,89;82,89;82,89;82,89;82,89;82,89;82,89;82,89;82,89;82,89;82,89;49,04;76,63;101,17;128,24;157,14;187,3;218,29;249,81;281,67;313,74
;result_wka_leistung;kW;5932,58;5924,54;5965,7;5581,9;5603,43;5771,83;5996,58;6102,96;6254,34;6282,13;5929,14;5929,14;5929,14;5924,15;5922,61;5922,61;5922,61;5922,61;5922,61;5922,61;5929,14;5929,14;5929,14;5929,14;5929,14;5929,14;5929,14;5929,14;5929,14;5929,14;5929,14;5929,14;5929,14;5929,14;5929,14;5929,14;5929,14;5929,14;5929,14;5929,14;5304,19;5929,14;5927,81;5924,65;6107,55;6127,02;6144,84;6160,72;6173,35;6190,57;5922,46;5929,14;5929,14;5929,14;5929,14;5928,46;5928,12;5928,12;5928,12;5928,73;6240,08;5929,14;5929,14;5228,31;5145,66;5106,54;5097,0;5097,0;5053,79;5047,96
;result_wka_flowsum_generation;MWh/a;38779,16;38726,6;38995,66;36486,88;36627,67;37728,39;39197,55;39892,89;40882,42;41064,07;38756,71;38756,71;38756,71;38724,08;38714,02;38714,02;38714,02;38714,02;38714,02;38714,02;38756,71;38756,71;38756,71;38756,71;38756,71;38756,71;38756,71;38756,71;38756,71;38756,71;38756,71;38756,71;38756,71;38756,71;38756,71;38756,71;38756,71;38756,71;38756,71;38756,71;34671,6;38756,71;38747,97;38727,36;39922,87;40050,14;40166,63;40270,43;40352,97;40465,54;38713,02;38756,71;38756,71;38756,71;38756,71;38752,24;38750,01;38750,01;38750,01;38753,99;40789,22;38756,71;38756,71;34175,62;33635,37;33379,64;33317,26;33317,26;33034,85;32996,75
;calc_gesamtinvest_wka;€;6407183,88;6398499,98;6442954,41;6028447,85;6051708,87;6233573,6;6476310,43;6591196,89;6754690,23;6784701,26;6403475,11;6403475,11;6403475,11;6398083,5;6396421,71;6396421,71;6396421,71;6396421,71;6396421,71;6396421,71;6403475,11;6403475,11;6403475,11;6403475,11;6403475,11;6403475,11;6403475,11;6403475,11;6403475,11;6403475,11;6403475,11;6403475,11;6403475,11;6403475,11;6403475,11;6403475,11;6403475,11;6403475,11;6403475,11;6403475,11;5728522,7;6403475,11;6402030,12;6398625,81;6596150,03;6617178,94;6636425,63;6653575,38;6667212,77;6685811,51;6396256,67;6403475,11;6403475,11;6403475,11;6403475,11;6402736,61;6402368,01;6402368,01;6402368,01;6403025,94;6739290,42;6403475,11;6403475,11;5646576,22;5557315,35;5515061,75;5504756,03;5504756,03;5458094,96;5451801,16
;calc_opex_fix_wkaon;€/a;75225,08;75123,13;75645,06;70778,44;71051,54;73186,77;76036,68;77385,53;79305,07;79657,42;75181,54;75181,54;75181,54;75118,24;75098,73;75098,73;75098,73;75098,73;75098,73;75098,73;75181,54;75181,54;75181,54;75181,54;75181,54;75181,54;75181,54;75181,54;75181,54;75181,54;75181,54;75181,54;75181,54;75181,54;75181,54;75181,54;75181,54;75181,54;75181,54;75181,54;67257,1;75181,54;75164,58;75124,61;77443,69;77690,58;77916,55;78117,9;78278,02;78496,38;75096,79;75181,54;75181,54;75181,54;75181,54;75172,87;75168,54;75168,54;75168,54;75176,27;79124,26;75181,54;75181,54;66294,99;65247,0;64750,91;64629,91;64629,91;64082,08;64008,18
;calc_opex_var_wkaon;€/a;193895,8;193633,01;194978,3;182434,4;183138,33;188641,96;195987,73;199464,45;204412,12;205320,33;193783,56;193783,56;193783,56;193620,4;193570,11;193570,11;193570,11;193570,11;193570,11;193570,11;193783,56;193783,56;193783,56;193783,56;193783,56;193783,56;193783,56;193783,56;193783,56;193783,56;193783,56;193783,56;193783,56;193783,56;193783,56;193783,56;193783,56;193783,56;193783,56;193783,56;173357,99;193783,56;193739,84;193636,81;199614,34;200250,72;200833,17;201352,16;201764,86;202327,7;193565,12;193783,56;193783,56;193783,56;193783,56;193761,22;193750,06;193750,06;193750,06;193769,97;203946,09;193783,56;193783,56;170878,1;168176,87;166898,18;166586,3;166586,3;165174,23;164983,77
;calc_annuity_wka;€/a;491727,73;491061,27;494472,98;462661,13;464446,33;478403,78;497032,93;505850,05;518397,56;520700,79;491443,09;491443,09;491443,09;491029,31;490901,77;490901,77;490901,77;490901,77;490901,77;490901,77;491443,09;491443,09;491443,09;491443,09;491443,09;491443,09;491443,09;491443,09;491443,09;491443,09;491443,09;491443,09;491443,09;491443,09;491443,09;491443,09;491443,09;491443,09;491443,09;491443,09;439642,98;491443,09;491332,19;491070,93;506230,18;507844,07;509321,19;510637,37;511683,98;513111,37;490889,1;491443,09;491443,09;491443,09;491443,09;491386,42;491358,13;491358,13;491358,13;491408,62;306009,3;454342,29;599869,73;670475,83;808580,54;956440,92;1112614,29;1273293,36;1423511,23;1583744,68
;calc_verzinstinvest_wka;€;12293193,15;12276531,73;12361824,57;11566528,34;11611158,26;11960094,44;12425823,34;12646251,15;12959938,92;13017519,81;12286077,31;12286077,31;12286077,31;12275732,65;12272544,24;12272544,24;12272544,24;12272544,24;12272544,24;12272544,24;12286077,31;12286077,31;12286077,31;12286077,31;12286077,31;12286077,31;12286077,31;12286077,31;12286077,31;12286077,31;12286077,31;12286077,31;12286077,31;12286077,31;12286077,31;12286077,31;12286077,31;12286077,31;12286077,31;12286077,31;10991074,62;12286077,31;12283304,87;12276773,15;12655754,53;12696101,81;12733029,63;12765934,13;12792099,6;12827784,22;12272227,58;12286077,31;12286077,31;12286077,31;12286077,31;12284660,38;12283953,14;12283953,14;12283953,14;12285215,49;7650232,46;11358557,37;14996743,26;16761895,69;20214513,41;23911022,9;27815357,3;31832333,99;35587780,64;39593616,89
;calc_cost_wkaon;€/a;760848,61;759817,4;765096,34;715873,97;718636,2;740232,51;769057,34;782700,03;802114,75;805678,54;760408,2;760408,2;760408,2;759767,95;759570,61;759570,61;759570,61;759570,61;759570,61;759570,61;760408,2;760408,2;760408,2;760408,2;760408,2;760408,2;760408,2;760408,2;760408,2;760408,2;760408,2;760408,2;760408,2;760408,2;760408,2;760408,2;760408,2;760408,2;760408,2;760408,2;680258,07;760408,2;760236,61;759832,35;783288,21;785785,38;788070,91;790107,43;791726,86;793935,45;759551,01;760408,2;760408,2;760408,2;760408,2;760320,5;760276,73;760276,73;760276,73;760354,86;589079,65;723307,4;868834,84;907648,92;1042004,4;1188090,0;1343830,51;1504509,58;1652767,54;1812736,63
;;;;;;;;;;;;;;;;;;;;;;;;;;;;;;;;;;;;;;;;;;;;;;;;;;;;;;;;;;;;;;;;;;;;;;;;
;result_stromverkauf_flowsum;MWh/a;2140,04;2985,39;4947,1;6753,16;6931,89;8280,57;10017,59;10798,94;11858,71;11972,96;4379,24;4379,24;4379,24;4388,36;4345,35;4345,35;4345,35;4345,35;4345,35;4345,35;4379,24;4379,24;4379,24;4379,24;4379,24;4379,24;4379,24;4379,24;4379,24;4379,24;4379,24;4379,24;4379,24;4379,24;4379,24;4379,24;4379,24;4379,24;4379,24;4379,24;4232,54;4379,24;4246,04;3782,75;3894,93;4090,18;4270,31;4428,5;4556,18;4732,35;4334,04;4379,24;4379,24;4379,24;4379,24;4455,51;4490,87;4490,87;4490,87;4501,34;5247,33;4379,24;4379,24;3470,36;2591,4;2156,18;2045,56;2045,56;1553,44;1474,74
;calc_einnahmen_stromverkauf_schattenvariable;€/a;214,0;298,54;494,71;675,32;693,19;828,06;1001,76;1079,89;1185,87;1197,3;437,92;437,92;437,92;438,84;434,53;434,53;434,53;434,53;434,53;434,53;437,92;437,92;437,92;437,92;437,92;437,92;437,92;437,92;437,92;437,92;437,92;437,92;437,92;437,92;437,92;437,92;437,92;437,92;437,92;437,92;423,25;437,92;424,6;378,27;389,49;409,02;427,03;442,85;455,62;473,23;433,4;437,92;437,92;437,92;437,92;445,55;449,09;449,09;449,09;450,13;524,73;437,92;437,92;347,04;259,14;215,62;204,56;204,56;155,34;147,47
;calc_einnahmen_stromverkauf;€/a;0,0;0,0;0,0;0,0;0,0;0,0;0,0;0,0;0,0;0,0;0,0;0,0;0,0;0,0;0,0;0,0;0,0;0,0;0,0;0,0;0,0;0,0;0,0;0,0;0,0;0,0;0,0;0,0;0,0;0,0;0,0;0,0;0,0;0,0;0,0;0,0;0,0;0,0;0,0;0,0;0,0;0,0;0,0;0,0;0,0;0,0;0,0;0,0;0,0;0,0;0,0;0,0;0,0;0,0;0,0;0,0;0,0;0,0;0,0;0,0;0,0;0,0;0,0;0,0;0,0;0,0;0,0;0,0;0,0;0,0
;;;;;;;;;;;;;;;;;;;;;;;;;;;;;;;;;;;;;;;;;;;;;;;;;;;;;;;;;;;;;;;;;;;;;;;;
;result_h2verkauf_flowsum;kg_H2/a;188609,93;170702,71;136973,37;50139,08;49437,69;44904,97;40019,38;38489,2;36053,58;35134,97;143489,74;143489,74;143489,74;125711,18;123689,27;123689,27;123689,27;123689,27;123689,27;123689,27;143489,74;143489,74;143489,74;143489,74;143489,74;143489,74;143489,74;143489,74;143489,74;143489,74;143489,74;143489,74;143489,74;143489,74;143489,74;143489,74;143489,74;143489,74;143489,74;143489,74;63439,83;143489,74;145975,75;154809,04;176713,93;175382,1;174132,37;173062,88;172175,16;170922,74;123895,18;143489,74;143489,74;143489,74;143489,74;145814,6;146659,37;146659,37;146659,37;146531,22;167164,06;143489,74;143489,74;68512,41;74963,72;78389,64;79309,44;79309,44;83286,25;84067,37
;calc_einnahmen_h2verkauf;€/a;282914,89;256054,07;205460,06;75208,62;74156,53;67357,45;60029,07;57733,81;54080,37;52702,45;215234,62;215234,62;215234,62;188566,78;185533,91;185533,91;185533,91;185533,91;185533,91;185533,91;215234,62;215234,62;215234,62;215234,62;215234,62;215234,62;215234,62;215234,62;215234,62;215234,62;215234,62;215234,62;215234,62;215234,62;215234,62;215234,62;215234,62;215234,62;215234,62;215234,62;95159,75;215234,62;218963,62;232213,57;265070,89;263073,15;261198,56;259594,32;258262,74;256384,11;185842,78;215234,62;215234,62;215234,62;215234,62;218721,9;219989,06;219989,06;219989,06;219796,82;250746,09;215234,62;215234,62;102768,61;112445,58;117584,46;118964,16;118964,16;124929,37;126101,06
;;;;;;;;;;;;;;;;;;;;;;;;;;;;;;;;;;;;;;;;;;;;;;;;;;;;;;;;;;;;;;;;;;;;;;;;
;result_nh3verkauf_flowsum;kg_NH3/a;2500104,0;2500104,0;2500104,0;2500104,0;2500104,0;2500104,0;2500104,0;2500104,0;2500104,0;2500104,0;2500104,0;2500104,0;2500104,0;2500104,0;2500104,0;2500104,0;2500104,0;2500104,0;2500104,0;2500104,0;2500104,0;2500104,0;2500104,0;2500104,0;2500104,0;2500104,0;2500104,0;2500104,0;2500104,0;2500104,0;2500104,0;2500104,0;2500104,0;2500104,0;2500104,0;2500104,0;2500104,0;2500104,0;2500104,0;2500104,0;2500104,0;2500104,0;2500104,0;2500104,0;2500104,0;2500104,0;2500104,0;2500104,0;2500104,0;2500104,0;2500104,0;2500104,0;2500104,0;2500104,0;2500104,0;2500104,0;2500104,0;2500104,0;2500104,0;2500104,0;2500104,0;2500104,0;2500104,0;2500104,0;2500104,0;2500104,0;2500104,0;2500104,0;2500104,0;2500104,0
;calc_einnahmen_nh3verkauf;€/a;2000083,2;2000083,2;2000083,2;2000083,2;2000083,2;2000083,2;2000083,2;2000083,2;2000083,2;2000083,2;2000083,2;2000083,2;2000083,2;2000083,2;2000083,2;2000083,2;2000083,2;2000083,2;2000083,2;2000083,2;2000083,2;2000083,2;2000083,2;2000083,2;2000083,2;2000083,2;2000083,2;2000083,2;2000083,2;2000083,2;2000083,2;2000083,2;2000083,2;2000083,2;2000083,2;2000083,2;2000083,2;2000083,2;2000083,2;2000083,2;2000083,2;2000083,2;2000083,2;2000083,2;2000083,2;2000083,2;2000083,2;2000083,2;2000083,2;2000083,2;2000083,2;2000083,2;2000083,2;2000083,2;2000083,2;2000083,2;2000083,2;2000083,2;2000083,2;2000083,2;2000083,2;2000083,2;2000083,2;2000083,2;2000083,2;2000083,2;2000083,2;2000083,2;2000083,2;2000083,2
;;;;;;;;;;;;;;;;;;;;;;;;;;;;;;;;;;;;;;;;;;;;;;;;;;;;;;;;;;;;;;;;;;;;;;;;
;calc_verzinstinvest_gesamt;€;35833062,3;38923933,76;41874699,62;44231878,44;47817284,74;51374222,19;54914559,87;59509283,79;63080782,58;66678919,87;39477951,71;39932115,25;40464230,12;39676510,75;39498935,64;39498935,64;39498935,64;39498935,64;39498935,64;39498935,64;37406309,9;39154006,45;41221073,6;44102894,14;46548317,11;49060568,61;51609010,61;54820286,43;57399500,7;59983141,23;39658434,45;39973632,58;40346429,39;40866167,47;41307200,99;41760287,07;42219900,13;42799055,67;43264218,53;43730179,67;37356773,64;39909136,51;40728752,52;41474706,86;42765876,67;43305073,98;44163953,63;45057509,81;45661647,1;46583088,99;37561729,63;39744313,56;40804887,91;41970332,03;43467423,46;44904355,55;46256161,45;47560396,84;49143009,77;50468214,05;35526199,54;39226458,12;42864644,02;44771399,06;48625429,56;52540035,31;56501409,21;60518385,9;64581507,97;68638653,17
;calc_gesamtinvest;€;20706260,69;20480382,51;20115257,63;19482141,6;19483805,97;19512985,17;19567885,81;19599156,53;19632231,21;19608703,97;20176494,33;20176494,33;20176494,33;19818427,53;19781407,96;19781407,96;19781407,96;19781407,96;19781407,96;19781407,96;20176494,33;20176494,33;20176494,33;20176494,33;20176494,33;20176494,33;20176494,33;20176494,33;20176494,33;20176494,33;20176494,33;20176494,33;20176494,33;20176494,33;20176494,33;20176494,33;20176494,33;20176494,33;20176494,33;20176494,33;19591996,52;20176494,33;20202686,0;20298475,32;20554550,15;20541753,65;20530041,66;20520585,8;20512939,42;20502369,04;19783532,22;20176494,33;20176494,33;20176494,33;20176494,33;20326236,93;20389114,33;20389114,33;20389114,33;20387889,88;20473372,66;20176494,33;20176494,33;19680744,66;19800834,57;19871406,81;19890432,92;19890432,92;20007072,72;20027611,3
;;;;;;;;;;;;;;;;;;;;;;;;;;;;;;;;;;;;;;;;;;;;;;;;;;;;;;;;;;;;;;;;;;;;;;;;
;calc_opex_gesamt;€/a;679320,22;671218,61;658975,19;620335,31;620808,57;625021,23;631283,25;634549,66;638770,47;638670,87;660412,15;660412,15;660412,15;648503,8;647056,77;647056,77;647056,77;647056,77;647056,77;647056,77;660412,15;660412,15;660412,15;660412,15;660412,15;660412,15;660412,15;660412,15;660412,15;660412,15;660412,15;660412,15;660412,15;660412,15;660412,15;660412,15;660412,15;660412,15;660412,15;660412,15;617176,53;660412,15;661329,52;664708,1;677839,81;677797,65;677759,07;677754,1;677745,55;677728,76;647130,61;660412,15;660412,15;660412,15;660412,15;663334,23;664515,26;664515,26;664515,26;664483,47;677722,4;660412,15;660412,15;617647,49;618932,31;619957,81;620269,34;620269,34;622006,93;622386,35
;calc_verzinstinvest_annuity_gesamt;€/a;1640616,24;1795330,83;1941993,67;2068015,54;2246827,78;2421093,16;2593329,8;2820803,52;2999020,78;3183639,49;1829694,01;1847860,55;1869145,15;1870876,82;1869852,81;1869852,81;1869852,81;1869852,81;1869852,81;1869852,81;1746828,34;1816736,2;1899418,89;2014691,71;2112508,63;2212998,69;2314936,37;2443387,4;2546555,97;2649901,59;1836913,32;1849521,25;1864433,12;1885222,64;1902863,98;1920987,42;1939371,95;1962538,17;1981144,68;1999783,13;1730166,77;1844492,99;1885502,24;1922867,0;1983535,62;2010081,36;2052646,32;2096986,4;2126924,7;2172630,52;1740632,66;1829424,1;1900129,05;1977825,33;2077631,42;2163631,55;2249847,64;2336796,67;2442304,2;2530681,6;1671534,48;1819634,27;1965161,7;2043231,34;2201451,9;2360238,5;2519269,07;2679948,13;2845573,41;3008375,49
;calc_einnahmen_gesamt;€/a;2282998,09;2256137,27;2205543,26;2075291,82;2074239,73;2067440,65;2060112,27;2057817,01;2054163,57;2052785,65;2215317,82;2215317,82;2215317,82;2188649,98;2185617,11;2185617,11;2185617,11;2185617,11;2185617,11;2185617,11;2215317,82;2215317,82;2215317,82;2215317,82;2215317,82;2215317,82;2215317,82;2215317,82;2215317,82;2215317,82;2215317,82;2215317,82;2215317,82;2215317,82;2215317,82;2215317,82;2215317,82;2215317,82;2215317,82;2215317,82;2095242,95;2215317,82;2219046,82;2232296,77;2265154,09;2263156,35;2261281,76;2259677,52;2258345,94;2256467,31;2185925,98;2215317,82;2215317,82;2215317,82;2215317,82;2218805,1;2220072,26;2220072,26;2220072,26;2219880,02;2250829,29;2215317,82;2215317,82;2102851,81;2112528,78;2117667,66;2119047,36;2119047,36;2125012,57;2126184,26
;calc_ausgaben_gesamt;€/a;2319936,46;2466549,44;2600968,86;2688350,85;2867636,34;3046114,39;3224613,05;3455353,18;3637791,25;3822310,36;2490106,16;2508272,7;2529557,3;2519380,62;2516909,58;2516909,58;2516909,58;2516909,58;2516909,58;2516909,58;2407240,49;2477148,35;2559831,04;2675103,86;2772920,78;2873410,84;2975348,52;3103799,55;3206968,12;3310313,74;2497325,47;2509933,4;2524845,27;2545634,79;2563276,13;2581399,58;2599784,1;2622950,32;2641556,83;2660195,28;2347343,29;2504905,14;2546831,77;2587575,1;2661375,43;2687879,02;2730405,39;2774740,49;2804670,25;2850359,28;2387763,27;2489836,25;2560541,21;2638237,48;2738043,58;2826965,77;2914362,9;3001311,93;3106819,45;3195165,07;2349256,88;2480046,42;2625573,85;2660878,83;2820384,21;2980196,31;3139538,41;3300217,48;3467580,34;3630761,85
;calc_GuV;€/a;-36938,37;-210412,17;-395425,6;-613059,04;-793396,61;-978673,74;-1164500,78;-1397536,17;-1583627,68;-1769524,71;-274788,35;-292954,89;-314239,48;-330730,65;-331292,47;-331292,47;-331292,47;-331292,47;-331292,47;-331292,47;-191922,67;-261830,54;-344513,22;-459786,04;-557602,96;-658093,02;-760030,7;-888481,73;-991650,31;-1094995,93;-282007,66;-294615,58;-309527,45;-330316,98;-347958,32;-366081,76;-384466,28;-407632,5;-426239,02;-444877,46;-252100,34;-289587,32;-327784,95;-355278,33;-396221,34;-424722,66;-469123,63;-515062,97;-546324,31;-593891,97;-201837,3;-274518,43;-345223,39;-422919,66;-522725,76;-608160,68;-694290,64;-781239,67;-886747,2;-975285,05;-98427,59;-264728,6;-410256,04;-558027,02;-707855,43;-862528,64;-1020491,05;-1181170,12;-1342567,77;-1504577,59
;calc_cost_gesamt;€/a;2319936,46;2466549,44;2600968,86;2688350,85;2867636,34;3046114,39;3224613,05;3455353,18;3637791,25;3822310,36;2490106,16;2508272,7;2529557,3;2519380,62;2516909,58;2516909,58;2516909,58;2516909,58;2516909,58;2516909,58;2407240,49;2477148,35;2559831,04;2675103,86;2772920,78;2873410,84;2975348,52;3103799,55;3206968,12;3310313,74;2497325,47;2509933,4;2524845,27;2545634,79;2563276,13;2581399,58;2599784,1;2622950,32;2641556,83;2660195,28;2347343,29;2504905,14;2546831,77;2587575,1;2661375,43;2687879,02;2730405,39;2774740,49;2804670,25;2850359,28;2387763,27;2489836,25;2560541,21;2638237,48;2738043,58;2826965,77;2914362,9;3001311,93;3106819,45;3195165,07;2349256,88;2480046,42;2625573,85;2660878,83;2820384,21;2980196,31;3139538,41;3300217,48;3467580,34;3630761,85
;calc_lcoe_wka;ct/kWh;1,96;1,96;1,96;1,96;1,96;1,96;1,96;1,96;1,96;1,96;1,96;1,96;1,96;1,96;1,96;1,96;1,96;1,96;1,96;1,96;1,96;1,96;1,96;1,96;1,96;1,96;1,96;1,96;1,96;1,96;1,96;1,96;1,96;1,96;1,96;1,96;1,96;1,96;1,96;1,96;1,96;1,96;1,96;1,96;1,96;1,96;1,96;1,96;1,96;1,96;1,96;1,96;1,96;1,96;1,96;1,96;1,96;1,96;1,96;1,96;1,44;1,87;2,24;2,66;3,1;3,56;4,03;4,52;5,0;5,49
;calc_lcoe_pv;ct/kWh;8,98;8,98;8,98;8,98;8,98;8,98;8,98;8,98;8,98;8,98;6,19;8,06;10,25;12,7;0,0;0,0;0,0;0,0;0,0;0,0;8,98;8,98;8,98;8,98;8,98;8,98;8,98;8,98;8,98;8,98;8,98;8,98;8,98;8,98;8,98;8,98;8,98;8,98;8,98;8,98;8,98;8,98;8,98;8,98;8,98;8,98;8,98;8,98;8,98;8,98;0,0;8,98;8,98;8,98;8,98;8,98;8,98;8,98;8,98;8,98;8,98;8,98;8,98;8,98;8,98;8,98;8,98;8,98;8,98;8,98
;calc_lcoe_bat;ct/kWh Speichermenge;25,65;26,2;26,79;28,89;28,99;30,02;31,51;32,18;33,22;33,78;26,71;26,71;26,71;29,8;30,29;30,29;30,29;30,29;30,29;30,29;26,71;26,71;26,71;26,71;26,71;26,71;26,71;26,71;26,71;26,71;26,71;26,71;26,71;26,71;26,71;26,71;26,71;26,71;26,71;26,71;28,0;26,71;26,7;26,55;26,43;26,45;26,45;26,43;26,43;26,42;20,25;23,99;31,02;38,75;48,68;56,73;65,28;74,17;84,94;93,99;26,5;26,71;26,71;27,8;27,31;27,05;26,94;26,94;26,39;26,3
;calc_lcoe_mix;ct/kWh;2,81;2,81;2,8;2,87;2,87;2,84;2,8;2,78;2,77;2,78;2,74;2,79;2,84;2,96;2,97;2,97;2,97;2,97;2,97;2,97;2,81;2,81;2,81;2,81;2,81;2,81;2,81;2,81;2,81;2,81;2,81;2,81;2,81;2,81;2,81;2,81;2,81;2,81;2,81;2,81;2,93;2,81;2,81;2,81;2,78;2,78;2,77;2,77;2,77;2,77;2,64;2,74;2,92;3,11;3,37;3,57;3,78;3,99;4,26;4,48;2,25;2,72;3,08;3,62;4,06;4,52;4,98;5,45;5,93;6,41
;calc_lcoh_h2s;€/kg Speichermenge;4,3;4,45;4,72;6,05;6,07;6,17;6,26;6,27;6,31;6,34;4,68;4,68;4,68;4,86;4,88;4,88;4,88;4,88;4,88;4,88;4,68;4,68;4,68;4,68;4,68;4,68;4,68;4,68;4,68;4,68;4,68;4,68;4,68;4,68;4,68;4,68;4,68;4,68;4,68;4,68;4,31;4,33;5,38;6,07;6,96;7,8;9,11;10,47;11,4;12,81;4,88;4,68;4,68;4,68;4,68;4,69;4,7;4,7;4,7;4,7;4,42;4,68;4,68;5,96;5,96;5,96;5,95;5,95;6,01;6,01
;calc_lcoh_pem;€/kg;2,35;2,6;2,87;3,28;3,63;3,95;4,28;4,73;5,08;5,45;2,69;2,71;2,74;2,78;2,79;2,79;2,79;2,79;2,79;2,79;2,72;2,72;2,72;2,72;2,72;2,72;2,72;2,72;2,72;2,72;2,72;2,72;2,72;2,72;2,72;2,72;2,72;2,72;2,72;2,72;2,77;2,72;2,72;2,73;2,72;2,71;2,71;2,71;2,7;2,7;2,62;2,69;2,78;2,87;3,0;3,1;3,21;3,31;3,45;3,56;2,44;2,68;2,86;3,13;3,37;3,61;3,85;4,08;4,34;4,58
;calc_lcoh_h2;€/kg;2,58;2,85;3,14;3,73;4,07;4,4;4,72;5,16;5,5;5,88;2,96;2,99;3,01;3,07;3,07;3,07;3,07;3,07;3,07;3,07;3,0;3,0;3,0;3,0;3,0;3,0;3,0;3,0;3,0;3,0;3,0;3,0;3,0;3,0;3,0;3,0;3,0;3,0;3,0;3,0;3,1;2,98;3,04;3,08;3,09;3,14;3,2;3,27;3,32;3,39;2,91;2,96;3,05;3,15;3,27;3,37;3,48;3,59;3,72;3,83;2,67;2,95;3,13;3,59;3,84;4,08;4,31;4,55;4,81;5,05
;calc_lcon_asu;€/kg;0,04;0,04;0,04;0,04;0,04;0,04;0,04;0,04;0,04;0,04;0,04;0,04;0,04;0,04;0,04;0,04;0,04;0,04;0,04;0,04;0,04;0,04;0,04;0,04;0,04;0,04;0,04;0,04;0,04;0,04;0,03;0,04;0,04;0,05;0,06;0,07;0,08;0,09;0,1;0,11;0,04;0,04;0,04;0,04;0,04;0,04;0,04;0,04;0,04;0,04;0,04;0,04;0,04;0,04;0,04;0,04;0,04;0,04;0,04;0,04;0,04;0,04;0,04;0,04;0,04;0,04;0,04;0,05;0,05;0,05
;calc_lcof_hb;€/t;691,23;738,91;791,34;896,34;958,08;1015,42;1071,37;1149,62;1210,45;1277,27;757,74;762,72;768,56;780,8;782,23;782,23;782,23;782,23;782,23;782,23;721,2;749,16;782,23;828,34;867,46;907,66;948,43;999,81;1041,07;1082,41;757,23;762,27;768,24;776,55;783,61;790,86;798,21;807,48;814,92;822,37;786,68;761,55;772,77;780,54;781,98;789,1;800,79;813,04;821,33;834,07;745,79;757,67;777,06;798,37;825,75;847,33;870,07;893,76;922,52;946,6;696,41;754,98;794,9;887,38;939,98;991,86;1042,77;1093,75;1149,78;1202,28
;calc_cost_el;ct/kWh;2,81;2,81;2,8;2,87;2,87;2,84;2,8;2,78;2,77;2,78;2,74;2,79;2,84;2,96;2,97;2,97;2,97;2,97;2,97;2,97;2,81;2,81;2,81;2,81;2,81;2,81;2,81;2,81;2,81;2,81;2,81;2,81;2,81;2,81;2,81;2,81;2,81;2,81;2,81;2,81;2,93;2,81;2,81;2,81;2,78;2,78;2,77;2,77;2,77;2,77;2,64;2,74;2,92;3,11;3,37;3,57;3,78;3,99;4,26;4,48;2,25;2,72;3,08;3,62;4,06;4,52;4,98;5,45;5,93;6,41
;calc_cost_h2;€/kg;2,58;2,85;3,14;3,73;4,07;4,4;4,72;5,16;5,5;5,88;2,96;2,99;3,01;3,07;3,07;3,07;3,07;3,07;3,07;3,07;3,0;3,0;3,0;3,0;3,0;3,0;3,0;3,0;3,0;3,0;3,0;3,0;3,0;3,0;3,0;3,0;3,0;3,0;3,0;3,0;3,1;2,98;3,04;3,08;3,09;3,14;3,2;3,27;3,32;3,39;2,91;2,96;3,05;3,15;3,27;3,37;3,48;3,59;3,72;3,83;2,67;2,95;3,13;3,59;3,84;4,08;4,31;4,55;4,81;5,05
;calc_cost_n2;€/kg;0,04;0,04;0,04;0,04;0,04;0,04;0,04;0,04;0,04;0,04;0,04;0,04;0,04;0,04;0,04;0,04;0,04;0,04;0,04;0,04;0,04;0,04;0,04;0,04;0,04;0,04;0,04;0,04;0,04;0,04;0,03;0,04;0,04;0,05;0,06;0,07;0,08;0,09;0,1;0,11;0,04;0,04;0,04;0,04;0,04;0,04;0,04;0,04;0,04;0,04;0,04;0,04;0,04;0,04;0,04;0,04;0,04;0,04;0,04;0,04;0,04;0,04;0,04;0,04;0,04;0,04;0,04;0,05;0,05;0,05
;calc_cost_nh3;€/t;691,23;738,91;791,34;896,34;958,08;1015,42;1071,37;1149,62;1210,45;1277,27;757,74;762,72;768,56;780,8;782,23;782,23;782,23;782,23;782,23;782,23;721,2;749,16;782,23;828,34;867,46;907,66;948,43;999,81;1041,07;1082,41;757,23;762,27;768,24;776,55;783,61;790,86;798,21;807,48;814,92;822,37;786,68;761,55;772,77;780,54;781,98;789,1;800,79;813,04;821,33;834,07;745,79;757,67;777,06;798,37;825,75;847,33;870,07;893,76;922,52;946,6;696,41;754,98;794,9;887,38;939,98;991,86;1042,77;1093,75;1149,78;1202,28
;;;;;;;;;;;;;;;;;;;;;;;;;;;;;;;;;;;;;;;;;;;;;;;;;;;;;;;;;;;;;;;;;;;;;;;;
;calc_maxprice;€/kg_NH3;0,93;0,99;1,04;1,08;1,15;1,22;1,29;1,38;1,46;1,53;1,0;1,0;1,01;1,01;1,01;1,01;1,01;1,01;1,01;1,01;0,96;0,99;1,02;1,07;1,11;1,15;1,19;1,24;1,28;1,32;1,0;1,0;1,01;1,02;1,03;1,03;1,04;1,05;1,06;1,06;0,94;1,0;1,02;1,03;1,06;1,08;1,09;1,11;1,12;1,14;0,96;1,0;1,02;1,06;1,1;1,13;1,17;1,2;1,24;1,28;0,94;0,99;1,05;1,06;1,13;1,19;1,26;1,32;1,39;1,45
;calc_price;€/kg_NH3;0,81;0,88;0,96;1,05;1,12;1,19;1,27;1,36;1,43;1,51;0,91;0,92;0,93;0,93;0,93;0,93;0,93;0,93;0,93;0,93;0,88;0,9;0,94;0,98;1,02;1,06;1,1;1,16;1,2;1,24;0,91;0,92;0,92;0,93;0,94;0,95;0,95;0,96;0,97;0,98;0,9;0,92;0,93;0,94;0,96;0,97;0,99;1,01;1,02;1,04;0,88;0,91;0,94;0,97;1,01;1,04;1,08;1,11;1,15;1,19;0,84;0,91;0,96;1,02;1,08;1,14;1,21;1,27;1,34;1,4
